Session ID,Obs Date,Time,Period of Day,Common Name,Species,Count,Obs #,Picture ID,Temp C,Temp F,Notes,Type,Species ID,Lat,Cam_ID
4_1,10/18/2022,7:34 AM,dawn,Gray squirrel,Sciurus carolinensis,1,1,Unknown,5,41,,mammal,4_1.1,36.023674,KB4
4_1,10/18/2022,8:28 AM,day,Gray squirrel,Sciurus carolinensis,1,2,Unknown,5,41,,mammal,4_1.2,36.023674,KB4
4_1,10/18/2022,6:06 PM,dusk,White-tailed deer,Odocoileus virginianus,1,3,Unknown,10,50,,mammal,4_1.3,36.023674,KB4
4_1,10/19/2022,7:28 AM,dusk,Gray squirrel,Sciurus carolinensis,1,4,Unknown,2,35,,mammal,4_1.4,36.023674,KB4
4_1,10/19/2022,9:24 AM,day,Gray squirrel,Sciurus carolinensis,1,5,Unknown,4,39,,mammal,4_1.5,36.023674,KB4
4_1,10/19/2022,8:49 PM,night,Unidentified mouse,Unknown,1,6,Unknown,7,44,"small mammal, likely mouse",mammal,4_1.6,36.023674,KB4
4_1,10/20/2022,7:48 PM,dusk,White-tailed deer,Odocoileus virginianus,1,7,Unknown,10,50,,mammal,4_1.7,36.023674,KB4
4_1,10/21/2022,8:26 AM,day,Gray squirrel,Sciurus carolinensis,1,8,Unknown,2,35,,mammal,4_1.8,36.023674,KB4
4_1,10/21/2022,1:25 PM,day,Northern flicker,Colaptes auratus,1,9,Unknown,18,64,pictured with piliated woodpecker and squirrel,bird,4_1.9,36.023674,KB4
4_1,10/21/2022,1:25 PM,day,Pileated woodpecker,Dryocopus pileatus,1,10,Unknown,18,64,pictured with northern flicker and squirrel,bird,4_1.10,36.023674,KB4
4_1,10/21/2022,1:25 PM,day,Gray squirrel,Sciurus carolinensis,1,11,Unknown,18,64,pictured with northern flicker and piliated woodpecker,mammal,4_1.11,36.023674,KB4
4_1,10/21/2022,1:25 PM,day,Gray squirrel,Sciurus carolinensis,1,11_02,Unknown,19,66,,mammal,4_1.11_02,36.023674,KB4
4_1,10/21/2022,1:25 PM,day,Gray squirrel,Sciurus carolinensis,1,11_03,Unknown,19,66,,mammal,4_1.11_03,36.023674,KB4
4_1,10/21/2022,1:27 PM,day,Gray squirrel,Sciurus carolinensis,1,11_04,Unknown,19,66,,mammal,4_1.11_04,36.023674,KB4
4_1,10/22/2022,7:29 AM,dawn,Gray squirrel,Sciurus carolinensis,1,12,Unknown,4,39,,mammal,4_1.12,36.023674,KB4
4_1,10/22/2022,7:42 AM,dawn,White-tailed deer,Odocoileus virginianus,1,13,Unknown,4,39,,mammal,4_1.13,36.023674,KB4
4_1,10/22/2022,8:19 AM,day,Gray squirrel,Sciurus carolinensis,1,14,Unknown,4,39,,mammal,4_1.14,36.023674,KB4
4_1,10/22/2022,8:19 AM,day,Gray squirrel,Sciurus carolinensis,1,15,Unknown,5,41,,mammal,4_1.15,36.023674,KB4
4_1,10/22/2022,8:09 PM,night,Virginia opossum,Didelphis virginiana,1,16,Unknown,13,55,,mammal,4_1.16,36.023674,KB4
4_1,10/23/2022,9:52 AM,day,Gray squirrel,Sciurus carolinensis,1,17,Unknown,11,51,,mammal,4_1.17,36.023674,KB4
5_1,10/18/2022,2:05 AM,night,White-tailed deer,Odocoileus virginianus,1,1,Unknown,10,50,,mammal,5_1.1,36.024219,KB5
5_1,10/21/2022,7:14 AM,dawn,White-tailed deer,Odocoileus virginianus,2,2,Unknown,0,32,with young,mammal,5_1.2,36.024219,KB5
5_1,10/23/2022,8:37 AM,day,White-tailed deer,Odocoileus virginianus,1,3,Unknown,8,46,,mammal,5_1.3,36.024219,KB5
6_1,10/18/2022,6:18 AM,dawn,White-tailed deer,Odocoileus virginianus,1,1,Unknown,8,46,,mammal,6_1.1,36.024521,KB6
6_1,10/22/2022,11:10 PM,night,Common Racoon,Procyon lotor,1,2,Unknown,10,50,,mammal,6_1.2,36.024521,KB6
6_1,10/23/2022,7:53 AM,dawn,Gray squirrel,Sciurus carolinensis,1,3,Unknown,7,44,,mammal,6_1.3,36.024521,KB6
7_1,10/17/2022,11:02 PM,night,Unidentified species,Unknown,2,1,Unknown,13,55,two eyeshines,mammal,7_1.1,36.024929,KB7
7_1,10/19/2022,5:03 AM,night,White-tailed deer,Odocoileus virginianus,1,2,Unknown,1,33,,mammal,7_1.2,36.024929,KB7
7_1,10/22/2022,7:09 AM,dawn,White-tailed deer,Odocoileus virginianus,1,3,Unknown,2,35,,mammal,7_1.3,36.024929,KB7
7_1,10/22/2022,7:09 AM,dawn,White-tailed deer,Odocoileus virginianus,1,3_02,Unknown,3,37,,mammal,7_1.3_02,36.024929,KB7
8_1,10/18/2022,9:13 AM,day,White-tailed deer,Odocoileus virginianus,1,1,Unknown,6,42,,mammal,8_1.1,36.024684,KB8
8_1,10/18/2022,6:23 PM,dusk,White-tailed deer,Odocoileus virginianus,1,2,Unknown,10,50,,mammal,8_1.2,36.024684,KB8
8_1,10/18/2022,6:27 PM,dusk,White-tailed deer,Odocoileus virginianus,1,3,Unknown,10,50,,mammal,8_1.3,36.024684,KB8
8_1,10/18/2022,6:27 PM,dusk,White-tailed deer,Odocoileus virginianus,1,3_02,Unknown,10,50,,mammal,8_1.3_02,36.024684,KB8
8_1,10/19/2022,1:58 AM,night,White-tailed deer,Odocoileus virginianus,1,4,Unknown,4,39,,mammal,8_1.4,36.024684,KB8
8_1,10/19/2022,1:59 AM,night,White-tailed deer,Odocoileus virginianus,1,5,Unknown,4,39,,mammal,8_1.5,36.024684,KB8
8_1,10/19/2022,6:53 AM,dawn,White-tailed deer,Odocoileus virginianus,1,6,Unknown,2,35,,mammal,8_1.6,36.024684,KB8
8_1,10/19/2022,6:54 AM,dawn,White-tailed deer,Odocoileus virginianus,1,7,Unknown,2,35,,mammal,8_1.7,36.024684,KB8
8_1,10/19/2022,6:54 AM,dawn,White-tailed deer,Odocoileus virginianus,1,7_02,Unknown,3,37,,mammal,8_1.7_02,36.024684,KB8
8_1,10/19/2022,7:04 AM,dawn,White-tailed deer,Odocoileus virginianus,1,8,Unknown,2,35,,mammal,8_1.8,36.024684,KB8
8_1,10/19/2022,7:05 AM,dawn,White-tailed deer,Odocoileus virginianus,1,8_02,Unknown,3,37,,mammal,8_1.8_02,36.024684,KB8
8_1,10/19/2022,7:05 AM,dawn,White-tailed deer,Odocoileus virginianus,2,9,Unknown,3,37,,mammal,8_1.9,36.024684,KB8
8_1,10/19/2022,9:07 AM,day,White-tailed deer,Odocoileus virginianus,1,10,Unknown,4,39,,mammal,8_1.10,36.024684,KB8
8_1,10/19/2022,9:19 AM,day,Gray squirrel,Sciurus carolinensis,1,11,Unknown,4,39,,mammal,8_1.11,36.024684,KB8
8_1,10/19/2022,6:53 PM,dusk,White-tailed deer,Odocoileus virginianus,1,12,Unknown,10,50,,mammal,8_1.12,36.024684,KB8
8_1,10/19/2022,6:53 PM,dusk,White-tailed deer,Odocoileus virginianus,2,13,Unknown,10,50,,mammal,8_1.13,36.024684,KB8
8_1,10/19/2022,6:53 PM,dusk,White-tailed deer,Odocoileus virginianus,1,13_02,Unknown,10,50,,mammal,8_1.13_02,36.024684,KB8
8_1,10/19/2022,6:54 PM,dusk,White-tailed deer,Odocoileus virginianus,1,13_03,Unknown,10,50,,mammal,8_1.13_03,36.024684,KB8
8_1,10/20/2022,2:35 AM,night,White-tailed deer,Odocoileus virginianus,1,14,Unknown,3,37,,mammal,8_1.14,36.024684,KB8
8_1,10/20/2022,2:35 AM,night,White-tailed deer,Odocoileus virginianus,1,14_02,Unknown,4,39,,mammal,8_1.14_02,36.024684,KB8
8_1,10/20/2022,2:43 AM,night,White-tailed deer,Odocoileus virginianus,1,15,Unknown,4,39,,mammal,8_1.15,36.024684,KB8
8_1,10/20/2022,2:44 AM,night,White-tailed deer,Odocoileus virginianus,1,16,Unknown,4,39,,mammal,8_1.16,36.024684,KB8
8_1,10/20/2022,2:45 AM,night,White-tailed deer,Odocoileus virginianus,1,17,Unknown,4,39,,mammal,8_1.17,36.024684,KB8
8_1,10/20/2022,2:46 AM,night,White-tailed deer,Odocoileus virginianus,1,17_02,Unknown,4,39,,mammal,8_1.17_02,36.024684,KB8
8_1,10/20/2022,3:01 AM,night,White-tailed deer,Odocoileus virginianus,1,18,Unknown,4,39,,mammal,8_1.18,36.024684,KB8
8_1,10/20/2022,6:28 AM,dawn,White-tailed deer,Odocoileus virginianus,1,19,Unknown,2,35,,mammal,8_1.19,36.024684,KB8
8_1,10/20/2022,7:37 PM,dusk,White-tailed deer,Odocoileus virginianus,1,20,Unknown,10,50,,mammal,8_1.20,36.024684,KB8
8_1,10/20/2022,11:20 PM,night,White-tailed deer,Odocoileus virginianus,1,21,Unknown,6,42,,mammal,8_1.21,36.024684,KB8
8_1,10/20/2022,11:20 PM,night,White-tailed deer,Odocoileus virginianus,1,21_02,Unknown,7,44,,mammal,8_1.21_02,36.024684,KB8
8_1,10/20/2022,11:21 PM,night,White-tailed deer,Odocoileus virginianus,1,21_03,Unknown,7,44,,mammal,8_1.21_03,36.024684,KB8
8_1,10/20/2022,11:51 PM,night,White-tailed deer,Odocoileus virginianus,1,22,Unknown,6,42,,mammal,8_1.22,36.024684,KB8
8_1,10/21/2022,1:09 AM,night,White-tailed deer,Odocoileus virginianus,1,23,Unknown,5,41,,mammal,8_1.23,36.024684,KB8
8_1,10/21/2022,7:20 AM,dawn,White-tailed deer,Odocoileus virginianus,1,24,Unknown,2,35,,mammal,8_1.24,36.024684,KB8
8_1,10/21/2022,7:21 AM,dawn,White-tailed deer,Odocoileus virginianus,1,24_02,Unknown,2,35,,mammal,8_1.24_02,36.024684,KB8
8_1,10/21/2022,7:21 AM,dawn,White-tailed deer,Odocoileus virginianus,1,25,Unknown,3,37,,mammal,8_1.25,36.024684,KB8
8_1,10/21/2022,7:21 AM,dawn,White-tailed deer,Odocoileus virginianus,1,25_02,Unknown,3,37,,mammal,8_1.25_02,36.024684,KB8
8_1,10/21/2022,8:01 AM,day,White-tailed deer,Odocoileus virginianus,1,26,Unknown,2,35,,mammal,8_1.26,36.024684,KB8
8_1,10/21/2022,7:33 PM,dusk,White-tailed deer,Odocoileus virginianus,1,27,Unknown,11,51,,mammal,8_1.27,36.024684,KB8
8_1,10/21/2022,8:08 PM,night,White-tailed deer,Odocoileus virginianus,1,28,Unknown,10,50,,mammal,8_1.28,36.024684,KB8
8_1,10/22/2022,1:54 AM,night,White-tailed deer,Odocoileus virginianus,1,29,Unknown,5,41,,mammal,8_1.29,36.024684,KB8
8_1,10/22/2022,1:55 AM,night,White-tailed deer,Odocoileus virginianus,1,29_02,Unknown,5,41,,mammal,8_1.29_02,36.024684,KB8
8_1,10/22/2022,1:55 AM,night,White-tailed deer,Odocoileus virginianus,2,30,Unknown,6,42,,mammal,8_1.30,36.024684,KB8
8_1,10/22/2022,1:56 AM,night,White-tailed deer,Odocoileus virginianus,2,30_02,Unknown,6,42,,mammal,8_1.30_02,36.024684,KB8
8_1,10/22/2022,1:56 AM,night,North American beaver,Castor canadensis,1,31,Unknown,6,42,,mammal,8_1.31,36.024684,KB8
8_1,10/22/2022,1:56 AM,night,White-tailed deer,Odocoileus virginianus,2,30_03,Unknown,6,42,,mammal,8_1.30_03,36.024684,KB8
8_1,10/22/2022,1:56 AM,night,North American beaver,Castor canadensis,1,31_02,Unknown,6,42,,mammal,8_1.31_02,36.024684,KB8
8_1,10/22/2022,7:53 AM,dawn,White-tailed deer,Odocoileus virginianus,1,32,Unknown,4,39,,mammal,8_1.32,36.024684,KB8
8_1,10/22/2022,7:02 PM,dusk,White-tailed deer,Odocoileus virginianus,1,33,Unknown,15,59,,mammal,8_1.33,36.024684,KB8
8_1,10/23/2022,2:08 AM,night,White-tailed deer,Odocoileus virginianus,1,34,Unknown,9,48,,mammal,8_1.34,36.024684,KB8
8_1,10/23/2022,2:08 AM,night,White-tailed deer,Odocoileus virginianus,1,34_02,Unknown,9,48,,mammal,8_1.34_02,36.024684,KB8
8_1,10/23/2022,5:12 AM,night,White-tailed deer,Odocoileus virginianus,1,35,Unknown,8,46,,mammal,8_1.35,36.024684,KB8
8_1,10/23/2022,7:50 AM,dawn,White-tailed deer,Odocoileus virginianus,1,36,Unknown,8,46,,mammal,8_1.36,36.024684,KB8
8_1,10/23/2022,7:51 AM,dawn,White-tailed deer,Odocoileus virginianus,1,37,Unknown,8,46,,mammal,8_1.37,36.024684,KB8
8_1,10/23/2022,8:34 AM,day,White-tailed deer,Odocoileus virginianus,1,38,Unknown,9,48,,mammal,8_1.38,36.024684,KB8
9_1,10/19/2022,10:20 PM,night,White-tailed deer,Odocoileus virginianus,1,1,Unknown,NA,NA,,mammal,9_1.1,36.024526,KB9
9_1,10/19/2022,10:20 PM,night,White-tailed deer,Odocoileus virginianus,1,2,Unknown,NA,NA,,mammal,9_1.2,36.024526,KB9
9_1,10/19/2022,10:21 PM,night,White-tailed deer,Odocoileus virginianus,1,3,Unknown,NA,NA,,mammal,9_1.3,36.024526,KB9
9_1,10/20/2022,2:43 AM,night,White-tailed deer,Odocoileus virginianus,1,4,Unknown,NA,NA,,mammal,9_1.4,36.024526,KB9
9_1,10/20/2022,10:14 PM,night,White-tailed deer,Odocoileus virginianus,1,5,Unknown,NA,NA,,mammal,9_1.5,36.024526,KB9
9_1,10/20/2022,10:41 PM,night,White-tailed deer,Odocoileus virginianus,1,6,Unknown,NA,NA,,mammal,9_1.6,36.024526,KB9
9_1,10/23/2022,3:56 AM,night,White-tailed deer,Odocoileus virginianus,1,7,Unknown,NA,NA,,mammal,9_1.7,36.024526,KB9
9_1,10/23/2022,4:51 AM,night,White-tailed deer,Odocoileus virginianus,1,8,Unknown,NA,NA,,mammal,9_1.8,36.024526,KB9
1_2,10/31/2022,10:27 PM,night,White-tailed deer,Odocoileus virginianus,1,1,Unknown,14,57,,mammal,1_2.1,36.023419,KB1
1_2,11/2/2022,1:18 AM,night,White-tailed deer,Odocoileus virginianus,1,2,Unknown,11,51,,mammal,1_2.2,36.023419,KB1
1_2,11/2/2022,1:19 AM,night,White-tailed deer,Odocoileus virginianus,1,2_02,Unknown,11,51,,mammal,1_2.2_02,36.023419,KB1
1_2,11/2/2022,5:30 AM,night,White-tailed deer,Odocoileus virginianus,2,3,Unknown,10,50,,mammal,1_2.3,36.023419,KB1
1_2,11/2/2022,6:56 PM,dusk,White-tailed deer,Odocoileus virginianus,2,4,Unknown,13,55,,mammal,1_2.4,36.023419,KB1
1_2,11/2/2022,7:30 PM,dusk,White-tailed deer,Odocoileus virginianus,1,5,Unknown,13,55,,mammal,1_2.5,36.023419,KB1
1_2,11/2/2022,10:33 PM,night,White-tailed deer,Odocoileus virginianus,1,6,Unknown,11,51,,mammal,1_2.6,36.023419,KB1
1_2,11/3/2022,12:56 AM,night,White-tailed deer,Odocoileus virginianus,1,7,Unknown,12,53,,mammal,1_2.7,36.023419,KB1
1_2,11/3/2022,2:13 AM,night,White-tailed deer,Odocoileus virginianus,1,8,Unknown,11,51,,mammal,1_2.8,36.023419,KB1
1_2,11/3/2022,6:10 AM,dawn,White-tailed deer,Odocoileus virginianus,1,9,Unknown,8,46,,mammal,1_2.9,36.023419,KB1
1_2,11/3/2022,7:23 PM,dusk,White-tailed deer,Odocoileus virginianus,1,10,Unknown,13,55,,mammal,1_2.10,36.023419,KB1
1_2,11/3/2022,7:24 PM,dusk,White-tailed deer,Odocoileus virginianus,2,10_02,Unknown,13,55,,mammal,1_2.10_02,36.023419,KB1
1_2,11/3/2022,7:27 PM,dusk,White-tailed deer,Odocoileus virginianus,1,11,Unknown,13,55,,mammal,1_2.11,36.023419,KB1
1_2,11/3/2022,7:59 PM,dusk,White-tailed deer,Odocoileus virginianus,1,12,Unknown,12,53,,mammal,1_2.12,36.023419,KB1
1_2,11/3/2022,9:16 PM,night,White-tailed deer,Odocoileus virginianus,1,13,Unknown,11,51,,mammal,1_2.13,36.023419,KB1
1_2,11/4/2022,8:49 PM,night,White-tailed deer,Odocoileus virginianus,1,14,Unknown,15,59,,mammal,1_2.14,36.023419,KB1
1_2,11/5/2022,5:43 AM,night,White-tailed deer,Odocoileus virginianus,1,15,Unknown,13,55,,mammal,1_2.15,36.023419,KB1
1_2,11/5/2022,5:44 AM,night,White-tailed deer,Odocoileus virginianus,1,16,Unknown,13,55,,mammal,1_2.16,36.023419,KB1
1_2,11/5/2022,7:23 AM,dawn,White-tailed deer,Odocoileus virginianus,1,17,Unknown,13,55,,mammal,1_2.17,36.023419,KB1
1_2,11/6/2022,12:46 AM,night,White-tailed deer,Odocoileus virginianus,1,18,53,17,62,,mammal,1_2.18,36.023419,KB1
1_2,11/6/2022,7:18 PM,dusk,White-tailed deer,Odocoileus virginianus,1,19,55,18,64,missing an antler,mammal,1_2.19,36.023419,KB1
1_2,11/6/2022,7:26 PM,dusk,White-tailed deer,Odocoileus virginianus,1,20,57,18,64,,mammal,1_2.20,36.023419,KB1
2_2,10/31/2022,5:53 PM,day,Gray squirrel,Sciurus carolinensis,1,1,1,16,60,,mammal,2_2.1,36.022947,KB2
2_2,10/31/2022,6:00 PM,dusk,Gray squirrel,Sciurus carolinensis,1,1_02,3,16,60,,mammal,2_2.1_02,36.022947,KB2
2_2,10/31/2022,8:17 PM,night,White-tailed deer,Odocoileus virginianus,1,2,5,15,59,,mammal,2_2.2,36.022947,KB2
2_2,10/31/2022,11:05 PM,night,Virginia opossum,Didelphis virginiana,1,3,7,15,59,,mammal,2_2.3,36.022947,KB2
2_2,11/1/2022,2:28 AM,night,Virginia opossum,Didelphis virginiana,1,4,9,15,59,,mammal,2_2.4,36.022947,KB2
2_2,11/2/2022,5:17 AM,night,White-tailed deer,Odocoileus virginianus,1,5,15,10,50,,mammal,2_2.5,36.022947,KB2
2_2,11/2/2022,5:19 AM,night,White-tailed deer,Odocoileus virginianus,1,5_02,19,11,51,,mammal,2_2.5_02,36.022947,KB2
2_2,11/2/2022,5:21 AM,night,White-tailed deer,Odocoileus virginianus,3,6,21,11,51,,mammal,2_2.6,36.022947,KB2
2_2,11/2/2022,5:22 AM,night,White-tailed deer,Odocoileus virginianus,1,6_02,23,11,51,,mammal,2_2.6_02,36.022947,KB2
2_2,11/2/2022,5:23 AM,night,White-tailed deer,Odocoileus virginianus,1,7,25,11,51,,mammal,2_2.7,36.022947,KB2
2_2,11/2/2022,6:12 PM,dusk,White-tailed deer,Odocoileus virginianus,1,8,27,15,59,,mammal,2_2.8,36.022947,KB2
2_2,11/2/2022,9:51 PM,night,White-tailed deer,Odocoileus virginianus,1,9,37,12,53,,mammal,2_2.9,36.022947,KB2
2_2,11/2/2022,9:53 PM,night,White-tailed deer,Odocoileus virginianus,1,10,41,12,53,,mammal,2_2.10,36.022947,KB2
2_2,11/2/2022,10:02 PM,night,White-tailed deer,Odocoileus virginianus,2,10_02,45,12,53,,mammal,2_2.10_02,36.022947,KB2
2_2,11/2/2022,10:02 PM,night,White-tailed deer,Odocoileus virginianus,1,10_03,47,13,55,,mammal,2_2.10_03,36.022947,KB2
2_2,11/2/2022,6:07 AM,dawn,White-tailed deer,Odocoileus virginianus,1,11,51,9,48,,mammal,2_2.11,36.022947,KB2
2_2,11/3/2022,7:50 AM,dawn,White-tailed deer,Odocoileus virginianus,1,12,53,8,46,,mammal,2_2.12,36.022947,KB2
2_2,11/3/2022,7:20 PM,dusk,White-tailed deer,Odocoileus virginianus,2,13,55,13,55,,mammal,2_2.13,36.022947,KB2
2_2,11/4/2022,4:46 AM,night,White-tailed deer,Odocoileus virginianus,1,14,63,9,48,,mammal,2_2.14,36.022947,KB2
2_2,11/4/2022,5:13 AM,night,Common Racoon,Procyon lotor,1,15,65,9,48,,mammal,2_2.15,36.022947,KB2
2_2,11/4/2022,5:14 AM,night,White-tailed deer,Odocoileus virginianus,1,16,67,9,48,,mammal,2_2.16,36.022947,KB2
2_2,11/4/2022,6:59 AM,dawn,White-tailed deer,Odocoileus virginianus,1,17,69,9,48,,mammal,2_2.17,36.022947,KB2
2_2,11/4/2022,8:50 AM,day,Gray squirrel,Sciurus carolinensis,1,18,71,9,48,,mammal,2_2.18,36.022947,KB2
2_2,11/4/2022,1:55 PM,day,Gray squirrel,Sciurus carolinensis,1,19,73,22,71,,mammal,2_2.19,36.022947,KB2
2_2,11/4/2022,6:22 PM,dusk,White-tailed deer,Odocoileus virginianus,1,20,75,17,62,,mammal,2_2.20,36.022947,KB2
2_2,11/4/2022,6:32 PM,dusk,White-tailed deer,Odocoileus virginianus,1,21,77,17,62,,mammal,2_2.21,36.022947,KB2
2_2,11/4/2022,7:17 PM,dusk,White-tailed deer,Odocoileus virginianus,1,22,79,16,60,,mammal,2_2.22,36.022947,KB2
2_2,11/4/2022,8:19 PM,night,White-tailed deer,Odocoileus virginianus,1,23,83,15,59,,mammal,2_2.23,36.022947,KB2
2_2,11/4/2022,8:21 PM,night,White-tailed deer,Odocoileus virginianus,1,23_02,85,15,59,,mammal,2_2.23_02,36.022947,KB2
2_2,11/5/2022,12:32 AM,night,White-tailed deer,Odocoileus virginianus,1,24,91,14,57,,mammal,2_2.24,36.022947,KB2
2_2,11/5/2022,12:35 AM,night,White-tailed deer,Odocoileus virginianus,1,24_02,93,14,57,,mammal,2_2.24_02,36.022947,KB2
2_2,11/5/2022,5:41 AM,night,White-tailed deer,Odocoileus virginianus,1,25,95,13,55,,mammal,2_2.25,36.022947,KB2
2_2,11/5/2022,5:41 AM,night,White-tailed deer,Odocoileus virginianus,1,25_02,97,13,55,,mammal,2_2.25_02,36.022947,KB2
2_2,11/5/2022,7:21 AM,dawn,White-tailed deer,Odocoileus virginianus,1,26,99,13,55,,mammal,2_2.26,36.022947,KB2
2_2,11/5/2022,7:30 PM,dusk,White-tailed deer,Odocoileus virginianus,1,27,101,17,62,,mammal,2_2.27,36.022947,KB2
2_2,11/6/2022,2:23 AM,night,White-tailed deer,Odocoileus virginianus,1,28,107,17,62,,mammal,2_2.28,36.022947,KB2
2_2,11/6/2022,6:40 PM,night,White-tailed deer,Odocoileus virginianus,1,29,109,19,66,,mammal,2_2.29,36.022947,KB2
2_2,11/7/2022,6:17 AM,dawn,White-tailed deer,Odocoileus virginianus,1,30,117,16,60,,mammal,2_2.30,36.022947,KB2
3_2,11/1/2022,4:37 AM,night,Common Racoon,Procyon lotor,1,1,1,16,60,,mammal,3_2.1,36.023145,KB3
3_2,11/1/2022,7:33 AM,dawn,Gray squirrel,Sciurus carolinensis,1,2,3,15,59,,mammal,3_2.2,36.023145,KB3
3_2,11/1/2022,7:35 AM,dawn,Gray squirrel,Sciurus carolinensis,1,2_02,5,15,59,,mammal,3_2.2_02,36.023145,KB3
3_2,11/1/2022,7:37 AM,dawn,Gray squirrel,Sciurus carolinensis,1,2_03,7,15,59,,mammal,3_2.2_03,36.023145,KB3
3_2,11/1/2022,7:39 AM,dawn,Gray squirrel,Sciurus carolinensis,1,2_04,9,15,59,,mammal,3_2.2_04,36.023145,KB3
3_2,11/1/2022,7:40 AM,dawn,Gray squirrel,Sciurus carolinensis,1,2_05,11,15,59,,mammal,3_2.2_05,36.023145,KB3
3_2,11/2/2022,4:56 AM,night,Virginia opossum,Didelphis virginiana,1,3,13,11,51,,mammal,3_2.3,36.023145,KB3
3_2,11/2/2022,7:49 AM,dawn,Gray squirrel,Sciurus carolinensis,1,4,15,11,51,,mammal,3_2.4,36.023145,KB3
3_2,11/2/2022,9:45 AM,day,Gray squirrel,Sciurus carolinensis,1,5,17,13,55,,mammal,3_2.5,36.023145,KB3
3_2,11/2/2022,9:50 AM,day,Gray squirrel,Sciurus carolinensis,1,5_02,23,14,57,,mammal,3_2.5_02,36.023145,KB3
3_2,11/2/2022,9:51 AM,day,Gray squirrel,Sciurus carolinensis,1,5_03,25,14,57,,mammal,3_2.5_03,36.023145,KB3
3_2,11/2/2022,9:54 AM,day,Gray squirrel,Sciurus carolinensis,1,5_04,29,14,57,,mammal,3_2.5_04,36.023145,KB3
3_2,11/2/2022,5:02 PM,day,Gray squirrel,Sciurus carolinensis,1,6,31,18,64,,mammal,3_2.6,36.023145,KB3
3_2,11/2/2022,5:03 PM,day,Gray squirrel,Sciurus carolinensis,1,6_02,33,17,62,,mammal,3_2.6_02,36.023145,KB3
3_2,11/2/2022,5:04 PM,day,Gray squirrel,Sciurus carolinensis,1,6_03,35,18,64,,mammal,3_2.6_03,36.023145,KB3
3_2,11/2/2022,5:04 PM,day,Gray squirrel,Sciurus carolinensis,1,6_04,37,18,64,,mammal,3_2.6_04,36.023145,KB3
3_2,11/2/2022,5:04 PM,day,Gray squirrel,Sciurus carolinensis,1,6_05,39,18,64,,mammal,3_2.6_05,36.023145,KB3
3_2,11/2/2022,5:05 PM,day,Gray squirrel,Sciurus carolinensis,1,6_06,41,19,66,,mammal,3_2.6_06,36.023145,KB3
3_2,11/2/2022,5:05 PM,day,Gray squirrel,Sciurus carolinensis,1,6_07,43,18,64,,mammal,3_2.6_07,36.023145,KB3
3_2,11/2/2022,5:58 PM,day,Gray squirrel,Sciurus carolinensis,1,7,45,17,62,,mammal,3_2.7,36.023145,KB3
3_2,11/2/2022,5:59 PM,day,Gray squirrel,Sciurus carolinensis,1,7_02,47,17,62,,mammal,3_2.7_02,36.023145,KB3
3_2,11/3/2022,6:27 PM,dusk,Gray squirrel,Sciurus carolinensis,1,8,49,17,62,,mammal,3_2.8,36.023145,KB3
3_2,11/4/2022,7:30 PM,dusk,Gray squirrel,Sciurus carolinensis,1,9,51,10,50,,mammal,3_2.9,36.023145,KB3
3_2,11/4/2022,9:00 AM,day,Gray squirrel,Sciurus carolinensis,1,10,53,11,51,,mammal,3_2.10,36.023145,KB3
3_2,11/4/2022,9:44 AM,day,Gray squirrel,Sciurus carolinensis,1,10_02,55,12,53,,mammal,3_2.10_02,36.023145,KB3
3_2,11/4/2022,9:45 AM,day,Gray squirrel,Sciurus carolinensis,1,10_03,57,12,53,,mammal,3_2.10_03,36.023145,KB3
3_2,11/5/2022,7:51 AM,dawn,Gray squirrel,Sciurus carolinensis,1,11,59,15,59,,mammal,3_2.11,36.023145,KB3
3_2,11/5/2022,7:53 AM,dawn,Gray squirrel,Sciurus carolinensis,1,11_02,61,15,59,,mammal,3_2.11_02,36.023145,KB3
3_2,11/5/2022,7:54 AM,dawn,Gray squirrel,Sciurus carolinensis,1,11_03,63,15,59,,mammal,3_2.11_03,36.023145,KB3
3_2,11/5/2022,7:54 AM,dawn,Gray squirrel,Sciurus carolinensis,1,11_04,65,15,59,,mammal,3_2.11_04,36.023145,KB3
3_2,11/5/2022,7:54 AM,dawn,Gray squirrel,Sciurus carolinensis,1,11_05,67,16,60,,mammal,3_2.11_05,36.023145,KB3
3_2,11/5/2022,6:07 PM,dusk,Gray squirrel,Sciurus carolinensis,1,12,69,22,71,,mammal,3_2.12,36.023145,KB3
3_2,11/5/2022,6:07 PM,dusk,Gray squirrel,Sciurus carolinensis,1,12_02,71,22,71,,mammal,3_2.12_02,36.023145,KB3
3_2,11/5/2022,6:08 PM,dusk,Gray squirrel,Sciurus carolinensis,1,12_03,73,22,71,,mammal,3_2.12_03,36.023145,KB3
3_2,11/5/2022,6:08 PM,dusk,Gray squirrel,Sciurus carolinensis,1,12_04,75,23,73,,mammal,3_2.12_04,36.023145,KB3
3_2,11/5/2022,6:17 PM,dusk,Gray squirrel,Sciurus carolinensis,1,13,79,22,71,,mammal,3_2.13,36.023145,KB3
3_2,11/5/2022,6:18 PM,dusk,Gray squirrel,Sciurus carolinensis,1,13_02,81,22,71,,mammal,3_2.13_02,36.023145,KB3
3_2,11/5/2022,6:18 PM,dusk,Gray squirrel,Sciurus carolinensis,1,13_03,83,22,71,,mammal,3_2.13_03,36.023145,KB3
3_2,11/5/2022,6:19 PM,dusk,Gray squirrel,Sciurus carolinensis,1,13_04,85,22,71,,mammal,3_2.13_04,36.023145,KB3
3_2,11/5/2022,6:20 PM,dusk,Gray squirrel,Sciurus carolinensis,1,13_05,87,22,71,,mammal,3_2.13_05,36.023145,KB3
3_2,11/5/2022,6:21 PM,dusk,Gray squirrel,Sciurus carolinensis,1,13_06,89,22,71,,mammal,3_2.13_06,36.023145,KB3
3_2,11/5/2022,6:22 PM,dusk,Gray squirrel,Sciurus carolinensis,1,13_07,91,23,73,,mammal,3_2.13_07,36.023145,KB3
3_2,11/5/2022,6:24 PM,dusk,Gray squirrel,Sciurus carolinensis,1,13_08,93,22,71,,mammal,3_2.13_08,36.023145,KB3
3_2,11/5/2022,11:09 PM,night,White-tailed deer,Odocoileus virginianus,1,14,95,19,66,,mammal,3_2.14,36.023145,KB3
3_2,11/6/2022,5:10 PM,day,Gray squirrel,Sciurus carolinensis,1,15,97,23,73,,mammal,3_2.15,36.023145,KB3
3_2,11/6/2022,5:10 PM,day,Gray squirrel,Sciurus carolinensis,1,15_02,99,23,73,,mammal,3_2.15_02,36.023145,KB3
3_2,11/6/2022,5:11 PM,day,Gray squirrel,Sciurus carolinensis,1,15_03,101,23,73,,mammal,3_2.15_03,36.023145,KB3
3_2,11/6/2022,5:12 PM,day,Gray squirrel,Sciurus carolinensis,1,15_04,103,23,73,,mammal,3_2.15_04,36.023145,KB3
3_2,11/6/2022,5:13 PM,day,Gray squirrel,Sciurus carolinensis,1,15_05,105,23,73,,mammal,3_2.15_05,36.023145,KB3
3_2,11/6/2022,5:13 PM,day,Gray squirrel,Sciurus carolinensis,1,15_06,107,23,73,,mammal,3_2.15_06,36.023145,KB3
3_2,11/6/2022,5:14 PM,day,Gray squirrel,Sciurus carolinensis,1,15_07,109,23,73,,mammal,3_2.15_07,36.023145,KB3
3_2,11/6/2022,5:16 PM,day,Gray squirrel,Sciurus carolinensis,1,15_08,111,23,73,,mammal,3_2.15_08,36.023145,KB3
3_2,11/6/2022,5:23 PM,day,Gray squirrel,Sciurus carolinensis,1,16,113,23,73,,mammal,3_2.16,36.023145,KB3
3_2,11/6/2022,7:16 AM,dawn,Gray squirrel,Sciurus carolinensis,1,17,115,17,62,,mammal,3_2.17,36.023145,KB3
3_2,11/6/2022,7:24 AM,dawn,Gray squirrel,Sciurus carolinensis,1,17_02,117,17,62,,mammal,3_2.17_02,36.023145,KB3
3_2,11/6/2022,7:25 AM,dawn,Gray squirrel,Sciurus carolinensis,1,17_03,121,17,62,,mammal,3_2.17_03,36.023145,KB3
3_2,11/6/2022,8:10 AM,day,Gray squirrel,Sciurus carolinensis,1,18,125,18,64,,mammal,3_2.18,36.023145,KB3
3_2,11/6/2022,8:33 AM,day,Gray squirrel,Sciurus carolinensis,1,19,127,18,64,,mammal,3_2.19,36.023145,KB3
3_2,11/6/2022,8:34 AM,day,Gray squirrel,Sciurus carolinensis,1,19_02,129,19,66,,mammal,3_2.19_02,36.023145,KB3
3_2,11/6/2022,8:34 AM,day,Gray squirrel,Sciurus carolinensis,1,19_03,131,19,66,,mammal,3_2.19_03,36.023145,KB3
4_2,11/1/2022,2:51 PM,day,Gray squirrel,Sciurus carolinensis,1,1,3,23,73,,mammal,4_2.1,36.023674,KB4
4_2,11/1/2022,11:42 PM,night,Virginia opossum,Didelphis virginiana,1,2,5,14,57,,mammal,4_2.2,36.023674,KB4
4_2,11/3/2022,9:19 AM,day,Gray squirrel,Sciurus carolinensis,1,3,7,12,53,,mammal,4_2.3,36.023674,KB4
4_2,11/3/2022,3:45 PM,day,Gray squirrel,Sciurus carolinensis,1,4,9,21,69,,mammal,4_2.4,36.023674,KB4
4_2,11/4/2022,8:31 AM,day,Gray squirrel,Sciurus carolinensis,1,5,11,12,53,,mammal,4_2.5,36.023674,KB4
4_2,11/4/2022,8:32 AM,day,Gray squirrel,Sciurus carolinensis,1,5_02,13,12,53,,mammal,4_2.5_02,36.023674,KB4
4_2,11/4/2022,3:32 PM,day,Gray squirrel,Sciurus carolinensis,1,6,15,24,75,,mammal,4_2.6,36.023674,KB4
4_2,11/4/2022,3:32 PM,day,Gray squirrel,Sciurus carolinensis,1,6_02,17,24,75,,mammal,4_2.6_02,36.023674,KB4
4_2,11/6/2022,3:37 PM,day,Gray squirrel,Sciurus carolinensis,1,6_03,21,26,78,,mammal,4_2.6_03,36.023674,KB4
4_2,11/6/2022,3:37 PM,day,Gray squirrel,Sciurus carolinensis,1,6_04,23,26,78,,mammal,4_2.6_04,36.023674,KB4
4_2,11/6/2022,3:38 PM,day,Gray squirrel,Sciurus carolinensis,1,6_05,25,26,78,,mammal,4_2.6_05,36.023674,KB4
4_2,11/7/2022,9:11 AM,day,Gray squirrel,Sciurus carolinensis,1,7,27,21,69,,mammal,4_2.7,36.023674,KB4
6_2,11/1/2022,2:00 PM,day,White-tailed deer,Odocoileus virginianus,1,1,1,22,71,,mammal,6_2.1,36.024521,KB6
6_2,11/1/2022,2:54 PM,day,White-tailed deer,Odocoileus virginianus,1,2,5,22,71,,mammal,6_2.2,36.024521,KB6
6_2,11/1/2022,2:55 PM,day,White-tailed deer,Odocoileus virginianus,1,2_02,7,22,71,,mammal,6_2.2_02,36.024521,KB6
6_2,11/1/2022,2:55 AM,day,White-tailed deer,Odocoileus virginianus,1,2_03,9,22,71,"cute photo, eating",mammal,6_2.2_03,36.024521,KB6
6_2,11/1/2022,2:56 PM,day,White-tailed deer,Odocoileus virginianus,1,2_04,11,22,71,,mammal,6_2.2_04,36.024521,KB6
6_2,11/1/2022,2:56 PM,day,White-tailed deer,Odocoileus virginianus,1,2_05,13,22,71,,mammal,6_2.2_05,36.024521,KB6
6_2,11/1/2022,2:57 PM,day,White-tailed deer,Odocoileus virginianus,1,2_06,15,23,73,,mammal,6_2.2_06,36.024521,KB6
6_2,11/1/2022,2:58 PM,day,White-tailed deer,Odocoileus virginianus,1,2_07,17,23,73,,mammal,6_2.2_07,36.024521,KB6
6_2,11/1/2022,3:02 PM,day,White-tailed deer,Odocoileus virginianus,1,3,19,22,71,,mammal,6_2.3,36.024521,KB6
6_2,11/1/2022,4:43 PM,day,White-tailed deer,Odocoileus virginianus,1,4,21,19,66,,mammal,6_2.4,36.024521,KB6
6_2,11/1/2022,4:43 PM,day,White-tailed deer,Odocoileus virginianus,1,4_02,23,20,68,,mammal,6_2.4_02,36.024521,KB6
6_2,11/1/2022,4:44 PM,day,White-tailed deer,Odocoileus virginianus,1,4_03,25,20,68,,mammal,6_2.4_03,36.024521,KB6
6_2,11/1/2022,4:44 PM,day,White-tailed deer,Odocoileus virginianus,1,4_04,27,20,68,,mammal,6_2.4_04,36.024521,KB6
6_2,11/1/2022,4:44 PM,day,White-tailed deer,Odocoileus virginianus,1,4_05,29,20,68,,mammal,6_2.4_05,36.024521,KB6
6_2,11/1/2022,4:45 PM,day,White-tailed deer,Odocoileus virginianus,1,4_06,31,20,68,,mammal,6_2.4_06,36.024521,KB6
6_2,11/1/2022,4:45 PM,day,White-tailed deer,Odocoileus virginianus,1,4_07,32,20,68,,mammal,6_2.4_07,36.024521,KB6
6_2,11/1/2022,4:47 PM,day,White-tailed deer,Odocoileus virginianus,1,4_08,35,20,68,,mammal,6_2.4_08,36.024521,KB6
6_2,11/2/2022,9:38 PM,night,White-tailed deer,Odocoileus virginianus,1,5,37,13,55,,mammal,6_2.5,36.024521,KB6
6_2,11/3/2022,2:54 AM,night,White-tailed deer,Odocoileus virginianus,1,6,39,13,55,,mammal,6_2.6,36.024521,KB6
6_2,11/6/2022,1:04 PM,day,White-tailed deer,Odocoileus virginianus,1,7,41,26,78,,mammal,6_2.7,36.024521,KB6
7_2,11/1/2022,8:15 AM,day,White-tailed deer,Odocoileus virginianus,1,1,3,15,59,,mammal,7_2.1,36.024929,KB7
7_2,11/1/2022,5:03 PM,day,White-tailed deer,Odocoileus virginianus,1,2,5,21,69,,mammal,7_2.2,36.024929,KB7
7_2,11/2/2022,11:01 PM,night,White-tailed deer,Odocoileus virginianus,1,3,7,14,57,,mammal,7_2.3,36.024929,KB7
7_2,11/2/2022,11:02 PM,night,White-tailed deer,Odocoileus virginianus,1,3_02,9,14,57,,mammal,7_2.3_02,36.024929,KB7
8_2,10/31/2022,10:21 PM,night,White-tailed deer,Odocoileus virginianus,1,1,1,17,62,,mammal,8_2.1,36.024684,KB8
8_2,10/31/2022,10:22 PM,night,White-tailed deer,Odocoileus virginianus,1,2,3,17,62,,mammal,8_2.2,36.024684,KB8
8_2,11/1/2022,8:55 PM,night,White-tailed deer,Odocoileus virginianus,1,3,5,15,59,,mammal,8_2.3,36.024684,KB8
8_2,11/1/2022,9:00 PM,night,White-tailed deer,Odocoileus virginianus,1,4,7,16,60,,mammal,8_2.4,36.024684,KB8
8_2,11/1/2022,9:01 PM,night,White-tailed deer,Odocoileus virginianus,1,4_02,9,16,60,resting,mammal,8_2.4_02,36.024684,KB8
8_2,11/1/2022,9:01 PM,night,White-tailed deer,Odocoileus virginianus,1,4_03,11,16,60,,mammal,8_2.4_03,36.024684,KB8
8_2,11/1/2022,9:10 PM,night,White-tailed deer,Odocoileus virginianus,1,4_04,13,16,60,,mammal,8_2.4_04,36.024684,KB8
8_2,11/1/2022,9:10 PM,night,White-tailed deer,Odocoileus virginianus,1,4_05,15,16,60,,mammal,8_2.4_05,36.024684,KB8
8_2,11/1/2022,9:11 PM,night,White-tailed deer,Odocoileus virginianus,1,4_06,17,16,60,,mammal,8_2.4_06,36.024684,KB8
8_2,11/1/2022,9:12 PM,night,White-tailed deer,Odocoileus virginianus,1,4_07,19,16,60,,mammal,8_2.4_07,36.024684,KB8
8_2,11/1/2022,9:13 PM,night,White-tailed deer,Odocoileus virginianus,1,4_08,21,16,60,,mammal,8_2.4_08,36.024684,KB8
8_2,11/1/2022,9:14 PM,night,White-tailed deer,Odocoileus virginianus,1,4_09,23,16,60,,mammal,8_2.4_09,36.024684,KB8
8_2,11/1/2022,9:21 PM,night,White-tailed deer,Odocoileus virginianus,1,4_10,25,16,60,,mammal,8_2.4_10,36.024684,KB8
8_2,11/1/2022,9:25 PM,night,White-tailed deer,Odocoileus virginianus,1,4_11,27,16,60,,mammal,8_2.4_11,36.024684,KB8
8_2,11/1/2022,9:31 PM,night,White-tailed deer,Odocoileus virginianus,1,4_12,29,16,60,,mammal,8_2.4_12,36.024684,KB8
8_2,11/1/2022,9:34 PM,night,White-tailed deer,Odocoileus virginianus,1,4_13,31,16,60,,mammal,8_2.4_13,36.024684,KB8
8_2,11/1/2022,9:34 PM,night,White-tailed deer,Odocoileus virginianus,1,4_14,33,16,60,,mammal,8_2.4_14,36.024684,KB8
8_2,11/1/2022,9:37 PM,night,White-tailed deer,Odocoileus virginianus,1,4_15,35,16,60,,mammal,8_2.4_15,36.024684,KB8
8_2,11/1/2022,9:45 PM,night,White-tailed deer,Odocoileus virginianus,1,4_16,37,16,60,,mammal,8_2.4_16,36.024684,KB8
8_2,11/1/2022,9:45 PM,night,White-tailed deer,Odocoileus virginianus,1,4_17,39,16,60,,mammal,8_2.4_17,36.024684,KB8
8_2,11/1/2022,9:58 PM,night,White-tailed deer,Odocoileus virginianus,1,4_18,41,16,60,,mammal,8_2.4_18,36.024684,KB8
8_2,11/1/2022,10:14 PM,night,White-tailed deer,Odocoileus virginianus,1,4_19,43,16,60,,mammal,8_2.4_19,36.024684,KB8
8_2,11/1/2022,10:14 PM,night,White-tailed deer,Odocoileus virginianus,1,4_20,45,16,60,,mammal,8_2.4_20,36.024684,KB8
8_2,11/1/2022,10:15 PM,night,White-tailed deer,Odocoileus virginianus,1,4_21,47,16,60,,mammal,8_2.4_21,36.024684,KB8
8_2,11/1/2022,10:30 PM,night,White-tailed deer,Odocoileus virginianus,1,4_22,49,16,60,,mammal,8_2.4_22,36.024684,KB8
8_2,11/1/2022,10:30 PM,night,White-tailed deer,Odocoileus virginianus,1,4_23,51,16,60,,mammal,8_2.4_23,36.024684,KB8
8_2,11/1/2022,11:31 PM,night,White-tailed deer,Odocoileus virginianus,1,4_24,53,16,60,,mammal,8_2.4_24,36.024684,KB8
8_2,11/1/2022,11:31 PM,night,White-tailed deer,Odocoileus virginianus,1,4_25,55,16,60,,mammal,8_2.4_25,36.024684,KB8
8_2,11/1/2022,11:32 PM,night,White-tailed deer,Odocoileus virginianus,1,4_26,57,16,60,,mammal,8_2.4_26,36.024684,KB8
8_2,11/1/2022,11:32 PM,night,White-tailed deer,Odocoileus virginianus,1,4_27,59,16,60,,mammal,8_2.4_27,36.024684,KB8
8_2,11/1/2022,11:32 PM,night,White-tailed deer,Odocoileus virginianus,1,4_28,61,16,60,,mammal,8_2.4_28,36.024684,KB8
8_2,11/1/2022,11:33 PM,night,White-tailed deer,Odocoileus virginianus,1,4_29,63,16,60,,mammal,8_2.4_29,36.024684,KB8
8_2,11/1/2022,11:33 PM,night,White-tailed deer,Odocoileus virginianus,1,4_30,65,16,60,,mammal,8_2.4_30,36.024684,KB8
8_2,11/1/2022,11:33 PM,night,White-tailed deer,Odocoileus virginianus,1,4_31,67,16,60,,mammal,8_2.4_31,36.024684,KB8
8_2,11/1/2022,11:33 PM,night,White-tailed deer,Odocoileus virginianus,1,4_32,69,16,60,,mammal,8_2.4_32,36.024684,KB8
8_2,11/1/2022,11:34 PM,night,White-tailed deer,Odocoileus virginianus,1,4_33,71,16,60,,mammal,8_2.4_33,36.024684,KB8
8_2,11/1/2022,11:34 PM,night,White-tailed deer,Odocoileus virginianus,1,4_34,73,16,60,,mammal,8_2.4_34,36.024684,KB8
8_2,11/1/2022,11:35 PM,night,White-tailed deer,Odocoileus virginianus,1,4_35,75,16,60,,mammal,8_2.4_35,36.024684,KB8
8_2,11/1/2022,11:36 PM,night,White-tailed deer,Odocoileus virginianus,1,4_36,77,16,60,,mammal,8_2.4_36,36.024684,KB8
8_2,11/1/2022,11:36 PM,night,White-tailed deer,Odocoileus virginianus,1,4_37,79,16,60,,mammal,8_2.4_37,36.024684,KB8
8_2,11/1/2022,11:38 PM,night,White-tailed deer,Odocoileus virginianus,1,4_38,81,16,60,,mammal,8_2.4_38,36.024684,KB8
8_2,11/1/2022,11:56 PM,night,White-tailed deer,Odocoileus virginianus,1,4_39,83,16,60,,mammal,8_2.4_39,36.024684,KB8
8_2,11/1/2022,12:23 AM,night,White-tailed deer,Odocoileus virginianus,1,4_40,85,16,60,,mammal,8_2.4_40,36.024684,KB8
8_2,11/1/2022,12:23 AM,night,White-tailed deer,Odocoileus virginianus,1,4_41,87,16,60,,mammal,8_2.4_41,36.024684,KB8
8_2,11/1/2022,12:24 AM,night,White-tailed deer,Odocoileus virginianus,1,4_42,89,16,60,,mammal,8_2.4_42,36.024684,KB8
8_2,11/1/2022,12:31 AM,night,White-tailed deer,Odocoileus virginianus,1,4_43,91,16,60,,mammal,8_2.4_43,36.024684,KB8
8_2,11/1/2022,12:33 AM,night,White-tailed deer,Odocoileus virginianus,1,4_44,93,16,60,,mammal,8_2.4_44,36.024684,KB8
8_2,11/1/2022,12:33 AM,night,White-tailed deer,Odocoileus virginianus,1,4_45,95,16,60,,mammal,8_2.4_45,36.024684,KB8
8_2,11/1/2022,12:34 AM,night,White-tailed deer,Odocoileus virginianus,1,4_46,97,16,60,,mammal,8_2.4_46,36.024684,KB8
8_2,11/1/2022,12:34 AM,night,White-tailed deer,Odocoileus virginianus,1,4_47,99,16,60,,mammal,8_2.4_47,36.024684,KB8
8_2,11/1/2022,12:34 AM,night,White-tailed deer,Odocoileus virginianus,1,4_48,101,16,60,,mammal,8_2.4_48,36.024684,KB8
8_2,11/1/2022,12:35 AM,night,White-tailed deer,Odocoileus virginianus,1,4_49,103,16,60,,mammal,8_2.4_49,36.024684,KB8
8_2,11/1/2022,12:36 AM,night,White-tailed deer,Odocoileus virginianus,1,4_50,105,16,60,,mammal,8_2.4_50,36.024684,KB8
8_2,11/1/2022,12:36 AM,night,White-tailed deer,Odocoileus virginianus,1,4_51,107,16,60,,mammal,8_2.4_51,36.024684,KB8
8_2,11/1/2022,11:37 PM,night,White-tailed deer,Odocoileus virginianus,1,5,109,16,60,,mammal,8_2.5,36.024684,KB8
8_2,11/1/2022,11:37 PM,night,White-tailed deer,Odocoileus virginianus,2,6,111,16,60,with young,mammal,8_2.6,36.024684,KB8
8_2,11/1/2022,11:38 PM,night,White-tailed deer,Odocoileus virginianus,2,6_02,113,16,60,grooming young,mammal,8_2.6_02,36.024684,KB8
8_2,11/1/2022,11:39 PM,night,White-tailed deer,Odocoileus virginianus,2,6_03,115,16,60,,mammal,8_2.6_03,36.024684,KB8
8_2,11/2/2022,4:59 AM,night,White-tailed deer,Odocoileus virginianus,1,7,117,12,53,,mammal,8_2.7,36.024684,KB8
8_2,11/2/2022,5:00 AM,night,White-tailed deer,Odocoileus virginianus,1,7_02,19,13,55,,mammal,8_2.7_02,36.024684,KB8
8_2,11/2/2022,5:00 AM,night,White-tailed deer,Odocoileus virginianus,1,7_03,121,13,55,,mammal,8_2.7_03,36.024684,KB8
8_2,11/2/2022,5:01 AM,night,White-tailed deer,Odocoileus virginianus,1,7_04,123,13,55,,mammal,8_2.7_04,36.024684,KB8
8_2,11/2/2022,5:01 AM,night,White-tailed deer,Odocoileus virginianus,2,8,125,13,55,,mammal,8_2.8,36.024684,KB8
8_2,11/2/2022,5:01 AM,night,White-tailed deer,Odocoileus virginianus,4,9,127,13,55,,mammal,8_2.9,36.024684,KB8
8_2,11/2/2022,5:02 AM,night,White-tailed deer,Odocoileus virginianus,1,9_02,129,13,55,,mammal,8_2.9_02,36.024684,KB8
8_2,11/2/2022,5:02 AM,night,White-tailed deer,Odocoileus virginianus,2,9_03,131,14,57,,mammal,8_2.9_03,36.024684,KB8
8_2,11/2/2022,5:02 AM,night,White-tailed deer,Odocoileus virginianus,1,9_04,133,14,57,,mammal,8_2.9_04,36.024684,KB8
8_2,11/2/2022,5:03 AM,night,White-tailed deer,Odocoileus virginianus,1,9_05,135,14,57,,mammal,8_2.9_05,36.024684,KB8
8_2,11/2/2022,6:40 AM,dawn,White-tailed deer,Odocoileus virginianus,1,10,137,12,53,,mammal,8_2.10,36.024684,KB8
8_2,11/2/2022,5:49 PM,day,White-tailed deer,Odocoileus virginianus,1,11,139,17,62,,mammal,8_2.11,36.024684,KB8
8_2,11/2/2022,5:49 PM,day,White-tailed deer,Odocoileus virginianus,1,12,141,18,64,,mammal,8_2.12,36.024684,KB8
8_2,11/2/2022,6:06 PM,dusk,White-tailed deer,Odocoileus virginianus,1,13,143,17,62,,mammal,8_2.13,36.024684,KB8
8_2,11/2/2022,6:15 PM,dusk,White-tailed deer,Odocoileus virginianus,1,14,145,17,62,,mammal,8_2.14,36.024684,KB8
8_2,11/2/2022,6:15 PM,dusk,White-tailed deer,Odocoileus virginianus,1,14_02,147,17,62,,mammal,8_2.14_02,36.024684,KB8
8_2,11/2/2022,6:15 PM,dusk,White-tailed deer,Odocoileus virginianus,2,14_03,149,17,62,,mammal,8_2.14_03,36.024684,KB8
8_2,11/2/2022,6:15 PM,dusk,White-tailed deer,Odocoileus virginianus,2,14_04,151,17,62,,mammal,8_2.14_04,36.024684,KB8
8_2,11/2/2022,6:16 PM,dusk,White-tailed deer,Odocoileus virginianus,1,14_05,153,18,64,,mammal,8_2.14_05,36.024684,KB8
8_2,11/2/2022,6:16 PM,dusk,White-tailed deer,Odocoileus virginianus,1,14_06,155,18,64,,mammal,8_2.14_06,36.024684,KB8
8_2,11/2/2022,7:12 PM,dusk,White-tailed deer,Odocoileus virginianus,1,15,157,16,60,,mammal,8_2.15,36.024684,KB8
8_2,11/2/2022,7:12 PM,dusk,White-tailed deer,Odocoileus virginianus,1,15_02,159,16,60,,mammal,8_2.15_02,36.024684,KB8
8_2,11/2/2022,7:55 PM,dusk,White-tailed deer,Odocoileus virginianus,1,16,161,15,59,one antler (right),mammal,8_2.16,36.024684,KB8
8_2,11/2/2022,7:55 PM,dusk,White-tailed deer,Odocoileus virginianus,1,16_02,163,15,59,,mammal,8_2.16_02,36.024684,KB8
8_2,11/2/2022,7:55 PM,dusk,White-tailed deer,Odocoileus virginianus,1,16_03,165,15,59,,mammal,8_2.16_03,36.024684,KB8
8_2,11/2/2022,7:55 PM,dusk,White-tailed deer,Odocoileus virginianus,1,16_04,167,16,60,,mammal,8_2.16_04,36.024684,KB8
8_2,11/2/2022,7:56 PM,dusk,White-tailed deer,Odocoileus virginianus,1,16_05,169,16,60,,mammal,8_2.16_05,36.024684,KB8
8_2,11/3/2022,1:29 AM,night,White-tailed deer,Odocoileus virginianus,1,17,171,14,57,,mammal,8_2.17,36.024684,KB8
8_2,11/3/2022,4:04 AM,night,White-tailed deer,Odocoileus virginianus,2,18,173,13,55,,mammal,8_2.18,36.024684,KB8
8_2,11/3/2022,4:05 AM,night,White-tailed deer,Odocoileus virginianus,2,18_02,177,13,55,,mammal,8_2.18_02,36.024684,KB8
8_2,11/3/2022,4:05 AM,night,White-tailed deer,Odocoileus virginianus,1,18_03,179,13,55,,mammal,8_2.18_03,36.024684,KB8
8_2,11/3/2022,4:06 AM,night,White-tailed deer,Odocoileus virginianus,1,18_04,181,13,55,,mammal,8_2.18_04,36.024684,KB8
8_2,11/3/2022,4:06 AM,night,White-tailed deer,Odocoileus virginianus,1,18_05,183,14,57,,mammal,8_2.18_05,36.024684,KB8
8_2,11/3/2022,4:06 AM,night,White-tailed deer,Odocoileus virginianus,1,18_06,185,14,57,,mammal,8_2.18_06,36.024684,KB8
8_2,11/3/2022,7:55 AM,dawn,White-tailed deer,Odocoileus virginianus,1,19,187,11,51,,mammal,8_2.19,36.024684,KB8
8_2,11/3/2022,8:28 AM,day,White-tailed deer,Odocoileus virginianus,1,20,189,11,51,,mammal,8_2.20,36.024684,KB8
8_2,11/3/2022,8:22 PM,night,White-tailed deer,Odocoileus virginianus,1,21,193,14,57,,mammal,8_2.21,36.024684,KB8
8_2,11/4/2022,12:47 AM,night,White-tailed deer,Odocoileus virginianus,1,22,195,12,53,,mammal,8_2.22,36.024684,KB8
8_2,11/4/2022,1:07 AM,night,White-tailed deer,Odocoileus virginianus,1,23,197,12,53,,mammal,8_2.23,36.024684,KB8
8_2,11/4/2022,3:19 AM,night,White-tailed deer,Odocoileus virginianus,1,24,199,11,51,,mammal,8_2.24,36.024684,KB8
8_2,11/4/2022,5:44 AM,night,White-tailed deer,Odocoileus virginianus,1,25,203,11,51,,mammal,8_2.25,36.024684,KB8
8_2,11/4/2022,6:41 PM,dusk,White-tailed deer,Odocoileus virginianus,1,26,205,19,66,,mammal,8_2.26,36.024684,KB8
8_2,11/4/2022,6:41 PM,dusk,White-tailed deer,Odocoileus virginianus,1,26_02,207,19,66,,mammal,8_2.26_02,36.024684,KB8
8_2,11/4/2022,10:45 PM,night,White-tailed deer,Odocoileus virginianus,1,27,209,17,62,,mammal,8_2.27,36.024684,KB8
8_2,11/4/2022,10:45 PM,night,White-tailed deer,Odocoileus virginianus,1,27_02,211,17,62,,mammal,8_2.27_02,36.024684,KB8
8_2,11/4/2022,10:51 PM,night,White-tailed deer,Odocoileus virginianus,1,28,213,17,62,,mammal,8_2.28,36.024684,KB8
8_2,11/5/2022,7:37 AM,dawn,White-tailed deer,Odocoileus virginianus,1,29,215,15,59,,mammal,8_2.29,36.024684,KB8
8_2,11/5/2022,5:54 PM,day,White-tailed deer,Odocoileus virginianus,1,30,217,23,72,,mammal,8_2.30,36.024684,KB8
8_2,11/5/2022,5:54 PM,day,Gray squirrel,Sciurus carolinensis,1,31,217,23,72,,mammal,8_2.31,36.024684,KB8
8_2,11/5/2022,7:42 PM,dusk,White-tailed deer,Odocoileus virginianus,1,32,219,19,66,,mammal,8_2.32,36.024684,KB8
8_2,11/5/2022,7:51 PM,dusk,White-tailed deer,Odocoileus virginianus,1,33,221,19,66,,mammal,8_2.33,36.024684,KB8
8_2,11/5/2022,7:52 PM,dusk,White-tailed deer,Odocoileus virginianus,1,34,223,19,66,,mammal,8_2.34,36.024684,KB8
8_2,11/5/2022,11:50 PM,night,White-tailed deer,Odocoileus virginianus,1,35,225,20,68,,mammal,8_2.35,36.024684,KB8
8_2,11/6/2022,1:18 AM,night,White-tailed deer,Odocoileus virginianus,1,36,227,20,68,,mammal,8_2.36,36.024684,KB8
8_2,11/6/2022,1:23 AM,night,White-tailed deer,Odocoileus virginianus,1,37,29,20,68,,mammal,8_2.37,36.024684,KB8
8_2,11/6/2022,2:12 AM,night,White-tailed deer,Odocoileus virginianus,1,38,231,19,66,,mammal,8_2.38,36.024684,KB8
8_2,11/6/2022,2:30 AM,night,White-tailed deer,Odocoileus virginianus,1,39,233,19,66,,mammal,8_2.39,36.024684,KB8
8_2,11/6/2022,5:05 AM,night,White-tailed deer,Odocoileus virginianus,1,40,235,18,64,,mammal,8_2.40,36.024684,KB8
8_2,11/6/2022,6:07 AM,dawn,White-tailed deer,Odocoileus virginianus,1,41,237,18,64,,mammal,8_2.41,36.024684,KB8
8_2,11/6/2022,6:51 AM,dawn,White-tailed deer,Odocoileus virginianus,1,42,239,20,68,,mammal,8_2.42,36.024684,KB8
8_2,11/6/2022,8:03 PM,night,White-tailed deer,Odocoileus virginianus,1,43,241,20,68,,mammal,8_2.43,36.024684,KB8
8_2,11/6/2022,8:59 PM,night,White-tailed deer,Odocoileus virginianus,1,44,243,19,66,,mammal,8_2.44,36.024684,KB8
8_2,11/6/2022,8:59 PM,night,White-tailed deer,Odocoileus virginianus,1,44_01,245,19,66,,mammal,8_2.44_01,36.024684,KB8
8_2,11/6/2022,11:00 PM,night,White-tailed deer,Odocoileus virginianus,1,45,247,18,64,,mammal,8_2.45,36.024684,KB8
8_2,11/6/2022,11:00 PM,night,White-tailed deer,Odocoileus virginianus,1,45_02,249,18,64,,mammal,8_2.45_02,36.024684,KB8
8_2,11/6/2022,11:01 PM,night,White-tailed deer,Odocoileus virginianus,1,46,251,18,64,,mammal,8_2.46,36.024684,KB8
8_2,11/6/2022,11:01 PM,night,White-tailed deer,Odocoileus virginianus,2,46_02,253,19,66,,mammal,8_2.46_02,36.024684,KB8
8_2,11/6/2022,11:02 PM,night,White-tailed deer,Odocoileus virginianus,2,46_03,255,19,66,allogrooming,mammal,8_2.46_03,36.024684,KB8
8_2,11/6/2022,11:03 PM,night,White-tailed deer,Odocoileus virginianus,2,46_04,259,19,66,,mammal,8_2.46_04,36.024684,KB8
8_2,11/6/2022,11:03 PM,night,White-tailed deer,Odocoileus virginianus,2,46_05,261,19,66,,mammal,8_2.46_05,36.024684,KB8
8_2,11/6/2022,11:04 PM,night,White-tailed deer,Odocoileus virginianus,2,46_06,263,19,66,,mammal,8_2.46_06,36.024684,KB8
8_2,11/6/2022,11:04 PM,night,White-tailed deer,Odocoileus virginianus,2,46_07,265,19,66,,mammal,8_2.46_07,36.024684,KB8
8_2,11/6/2022,11:04 PM,night,White-tailed deer,Odocoileus virginianus,2,46_08,267,20,68,,mammal,8_2.46_08,36.024684,KB8
8_2,11/6/2022,11:04 PM,night,White-tailed deer,Odocoileus virginianus,1,46_09,269,20,68,,mammal,8_2.46_09,36.024684,KB8
8_2,11/7/2022,1:39 AM,night,White-tailed deer,Odocoileus virginianus,1,47,271,18,64,,mammal,8_2.47,36.024684,KB8
8_2,11/7/2022,1:41 AM,night,White-tailed deer,Odocoileus virginianus,1,48,273,18,64,,mammal,8_2.48,36.024684,KB8
8_2,11/7/2022,2:15 AM,night,White-tailed deer,Odocoileus virginianus,1,49,275,18,64,one antler (right),mammal,8_2.49,36.024684,KB8
8_2,11/7/2022,2:21 AM,night,White-tailed deer,Odocoileus virginianus,1,50,277,18,64,,mammal,8_2.50,36.024684,KB8
9_2,11/1/2022,12:32 AM,night,White-tailed deer,Odocoileus virginianus,1,1,1,NA,NA,,mammal,9_2.1,36.024526,KB9
9_2,11/1/2022,12:32 AM,night,White-tailed deer,Odocoileus virginianus,1,1_02,2,NA,NA,,mammal,9_2.1_02,36.024526,KB9
9_2,11/1/2022,12:33 AM,night,White-tailed deer,Odocoileus virginianus,2,1_03,4,NA,NA,,mammal,9_2.1_03,36.024526,KB9
9_2,11/1/2022,12:33 AM,night,White-tailed deer,Odocoileus virginianus,2,1_04,5,NA,NA,,mammal,9_2.1_04,36.024526,KB9
9_2,11/1/2022,12:36 AM,night,White-tailed deer,Odocoileus virginianus,1,2,7,NA,NA,,mammal,9_2.2,36.024526,KB9
9_2,11/1/2022,12:36 AM,night,White-tailed deer,Odocoileus virginianus,1,2_02,8,NA,NA,,mammal,9_2.2_02,36.024526,KB9
9_2,11/1/2022,12:36 AM,night,White-tailed deer,Odocoileus virginianus,1,2_03,10,NA,NA,,mammal,9_2.2_03,36.024526,KB9
9_2,11/1/2022,12:36 AM,night,White-tailed deer,Odocoileus virginianus,1,2_04,11,NA,NA,,mammal,9_2.2_04,36.024526,KB9
9_2,11/1/2022,12:36 AM,night,White-tailed deer,Odocoileus virginianus,2,2_05,13,NA,NA,,mammal,9_2.2_05,36.024526,KB9
9_2,11/1/2022,12:36 AM,night,White-tailed deer,Odocoileus virginianus,2,2_06,14,NA,NA,,mammal,9_2.2_06,36.024526,KB9
9_2,11/1/2022,12:37 AM,night,White-tailed deer,Odocoileus virginianus,2,2_07,16,NA,NA,allogrooming,mammal,9_2.2_07,36.024526,KB9
9_2,11/1/2022,12:37 AM,night,White-tailed deer,Odocoileus virginianus,2,2_08,17,NA,NA,,mammal,9_2.2_08,36.024526,KB9
9_2,11/1/2022,12:38 AM,night,White-tailed deer,Odocoileus virginianus,1,2_09,19,NA,NA,,mammal,9_2.2_09,36.024526,KB9
9_2,11/1/2022,12:38 AM,night,White-tailed deer,Odocoileus virginianus,1,2_10,20,NA,NA,,mammal,9_2.2_10,36.024526,KB9
9_2,11/1/2022,12:38 AM,night,White-tailed deer,Odocoileus virginianus,1,2_11,22,NA,NA,,mammal,9_2.2_11,36.024526,KB9
9_2,11/1/2022,12:38 AM,night,White-tailed deer,Odocoileus virginianus,1,2_12,23,NA,NA,,mammal,9_2.2_12,36.024526,KB9
9_2,11/1/2022,12:38 AM,night,White-tailed deer,Odocoileus virginianus,1,2_13,24,NA,NA,,mammal,9_2.2_13,36.024526,KB9
9_2,11/1/2022,12:39 AM,night,White-tailed deer,Odocoileus virginianus,1,2_14,25,NA,NA,,mammal,9_2.2_14,36.024526,KB9
9_2,11/1/2022,12:39 AM,night,White-tailed deer,Odocoileus virginianus,1,2_15,26,NA,NA,,mammal,9_2.2_15,36.024526,KB9
9_2,11/1/2022,1:33 AM,night,White-tailed deer,Odocoileus virginianus,1,3,28,NA,NA,,mammal,9_2.3,36.024526,KB9
9_2,11/1/2022,1:33 AM,night,White-tailed deer,,1,3_02,29,NA,NA,,mammal,9_2.3_02,36.024526,KB9
9_2,11/1/2022,4:02 AM,night,White-tailed deer,Odocoileus virginianus,1,4,31,NA,NA,,mammal,9_2.4,36.024526,KB9
9_2,11/1/2022,4:02 AM,night,White-tailed deer,Odocoileus virginianus,1,4_02,32,NA,NA,,mammal,9_2.4_02,36.024526,KB9
9_2,11/1/2022,11:57 PM,night,White-tailed deer,Odocoileus virginianus,1,5,34,NA,NA,,mammal,9_2.5,36.024526,KB9
9_2,11/1/2022,11:57 PM,night,White-tailed deer,Odocoileus virginianus,1,5_02,35,NA,NA,,mammal,9_2.5_02,36.024526,KB9
9_2,11/2/2022,6:46 AM,dawn,White-tailed deer,Odocoileus virginianus,1,6,37,NA,NA,,mammal,9_2.6,36.024526,KB9
9_2,11/3/2022,6:46 AM,dawn,Common Racoon,Procyon lotor,1,7,43,NA,NA,,mammal,9_2.7,36.024526,KB9
9_2,11/3/2022,6:46 AM,dawn,Common Racoon,Procyon lotor,1,7_02,44,NA,NA,,mammal,9_2.7_02,36.024526,KB9
9_2,11/3/2022,6:46 AM,dawn,Common Racoon,Procyon lotor,1,7_03,46,NA,NA,,mammal,9_2.7_03,36.024526,KB9
9_2,11/3/2022,6:46 AM,dawn,Common Racoon,Procyon lotor,1,7_04,47,NA,NA,,mammal,9_2.7_04,36.024526,KB9
9_2,11/3/2022,10:43 PM,night,White-tailed deer,Odocoileus virginianus,1,8,49,NA,NA,,mammal,9_2.8,36.024526,KB9
9_2,11/3/2022,10:43 PM,night,White-tailed deer,Odocoileus virginianus,1,8_02,50,NA,NA,,mammal,9_2.8_02,36.024526,KB9
9_2,11/3/2022,10:43 PM,night,White-tailed deer,Odocoileus virginianus,1,8_03,52,NA,NA,,mammal,9_2.8_03,36.024526,KB9
9_2,11/3/2022,10:43 PM,night,White-tailed deer,Odocoileus virginianus,1,8_04,53,NA,NA,,mammal,9_2.8_04,36.024526,KB9
9_2,11/4/2022,10:08 PM,night,White-tailed deer,Odocoileus virginianus,1,9,55,NA,NA,,mammal,9_2.9,36.024526,KB9
9_2,11/4/2022,10:08 PM,night,White-tailed deer,Odocoileus virginianus,1,9_02,56,NA,NA,,mammal,9_2.9_02,36.024526,KB9
9_2,11/5/2022,12:35 AM,night,White-tailed deer,Odocoileus virginianus,1,10,58,NA,NA,,mammal,9_2.10,36.024526,KB9
9_2,11/5/2022,12:35 AM,night,White-tailed deer,Odocoileus virginianus,1,10_02,59,NA,NA,,mammal,9_2.10_02,36.024526,KB9
9_2,11/5/2022,12:51 PM,night,White-tailed deer,Odocoileus virginianus,1,11,61,NA,NA,,mammal,9_2.11,36.024526,KB9
9_2,11/5/2022,12:51 PM,night,White-tailed deer,Odocoileus virginianus,1,11_02,62,NA,NA,,mammal,9_2.11_02,36.024526,KB9
9_2,11/5/2022,12:51 PM,night,White-tailed deer,Odocoileus virginianus,1,11_03,64,NA,NA,,mammal,9_2.11_03,36.024526,KB9
9_2,11/5/2022,12:51 PM,night,White-tailed deer,Odocoileus virginianus,1,11_04,65,NA,NA,,mammal,9_2.11_04,36.024526,KB9
9_2,11/5/2022,12:58 PM,night,White-tailed deer,Odocoileus virginianus,1,12,67,NA,NA,,mammal,9_2.12,36.024526,KB9
9_2,11/5/2022,12:58 PM,night,White-tailed deer,Odocoileus virginianus,1,12_02,68,NA,NA,,mammal,9_2.12_02,36.024526,KB9
9_2,11/5/2022,10:53 PM,night,White-tailed deer,Odocoileus virginianus,1,13,70,NA,NA,,mammal,9_2.13,36.024526,KB9
9_2,11/5/2022,10:53 PM,night,White-tailed deer,Odocoileus virginianus,1,13_02,71,NA,NA,,mammal,9_2.13_02,36.024526,KB9
9_2,11/6/2022,1:23 AM,night,White-tailed deer,Odocoileus virginianus,1,14,73,NA,NA,,mammal,9_2.14,36.024526,KB9
9_2,11/6/2022,1:23 AM,night,White-tailed deer,Odocoileus virginianus,1,14_02,74,NA,NA,,mammal,9_2.14_02,36.024526,KB9
9_2,11/6/2022,1:27 AM,night,White-tailed deer,Odocoileus virginianus,1,15,76,NA,NA,,mammal,9_2.15,36.024526,KB9
9_2,11/6/2022,1:27 AM,night,White-tailed deer,Odocoileus virginianus,1,15_02,77,NA,NA,,mammal,9_2.15_02,36.024526,KB9
9_2,11/6/2022,2:12 AM,night,White-tailed deer,Odocoileus virginianus,1,16,79,NA,NA,,mammal,9_2.16,36.024526,KB9
9_2,11/6/2022,2:12 AM,night,White-tailed deer,Odocoileus virginianus,1,16_02,80,NA,NA,,mammal,9_2.16_02,36.024526,KB9
9_2,11/6/2022,2:14 AM,night,White-tailed deer,Odocoileus virginianus,1,17,82,NA,NA,,mammal,9_2.17,36.024526,KB9
1_3,11/14/2022,5:14 PM,day,White-tailed deer,Odocoileus virginianus,1,1,1,3,37,,mammal,1_3.1,36.023419,KB1
1_3,11/14/2022,6:21 PM,dusk,White-tailed deer,Odocoileus virginianus,2,2,3,2,35,,mammal,1_3.2,36.023419,KB1
1_3,11/15/2022,2:09 AM,night,White-tailed deer,Odocoileus virginianus,2,3,5,1,33,,mammal,1_3.3,36.023419,KB1
1_3,11/15/2022,5:59 AM,night,White-tailed deer,Odocoileus virginianus,1,4,7,2,35,,mammal,1_3.4,36.023419,KB1
1_3,11/16/2022,6:13 PM,dusk,White-tailed deer,Odocoileus virginianus,1,5,9,5,41,,mammal,1_3.5,36.023419,KB1
1_3,11/17/2022,8:02 PM,night,White-tailed deer,Odocoileus virginianus,1,6,15,-2,29,,mammal,1_3.6,36.023419,KB1
1_3,11/17/2022,8:03 PM,night,White-tailed deer,Odocoileus virginianus,1,6_02,17,-2,29,,mammal,1_3.6_02,36.023419,KB1
1_3,11/18/2022,1:10 AM,night,White-tailed deer,Odocoileus virginianus,1,7,19,-4,25,,mammal,1_3.7,36.023419,KB1
1_3,11/18/2022,1:11 AM,night,White-tailed deer,Odocoileus virginianus,2,7_02,21,-4,25,,mammal,1_3.7_02,36.023419,KB1
1_3,11/18/2022,5:17 AM,night,White-tailed deer,Odocoileus virginianus,1,8,23,-5,23,,mammal,1_3.8,36.023419,KB1
1_3,11/18/2022,8:53 PM,night,White-tailed deer,Odocoileus virginianus,1,9,29,-1,31,,mammal,1_3.9,36.023419,KB1
1_3,11/18/2022,11:29 PM,night,White-tailed deer,Odocoileus virginianus,3,10,31,-1,31,,mammal,1_3.10,36.023419,KB1
1_3,11/19/2022,6:15 AM,dawn,White-tailed deer,Odocoileus virginianus,1,11,33,-4,25,,mammal,1_3.11,36.023419,KB1
1_3,11/20/2022,4:44 PM,day,White-tailed deer,Odocoileus virginianus,2,12,35,2,35,,mammal,1_3.12,36.023419,KB1
1_3,11/20/2022,6:29 PM,dusk,White-tailed deer,Odocoileus virginianus,1,13,37,-1,31,,mammal,1_3.13,36.023419,KB1
1_3,11/20/2022,7:58 PM,dusk,White-tailed deer,Odocoileus virginianus,2,14,39,-3,27,,mammal,1_3.14,36.023419,KB1
1_3,11/21/2022,12:20 AM,night,White-tailed deer,Odocoileus virginianus,1,15,41,-5,23,,mammal,1_3.15,36.023419,KB1
1_3,11/21/2022,2:58 AM,night,White-tailed deer,Odocoileus virginianus,1,16,43,-6,22,,mammal,1_3.16,36.023419,KB1
1_3,11/21/2022,6:39 PM,dusk,White-tailed deer,Odocoileus virginianus,1,17,49,1,33,,mammal,1_3.17,36.023419,KB1
1_3,11/21/2022,9:17 PM,night,White-tailed deer,Odocoileus virginianus,1,18,51,-1,31,,mammal,1_3.18,36.023419,KB1
1_3,11/21/2022,11:49 PM,night,White-tailed deer,Odocoileus virginianus,1,19,53,-2,29,,mammal,1_3.19,36.023419,KB1
1_3,11/22/2022,11:38 PM,night,White-tailed deer,Odocoileus virginianus,1,20,55,4,39,,mammal,1_3.20,36.023419,KB1
1_3,11/23/2022,3:57 AM,night,White-tailed deer,Odocoileus virginianus,1,21,57,0,32,,mammal,1_3.21,36.023419,KB1
2_3,11/14/2022,5:30 PM,day,White-tailed deer,Odocoileus virginianus,3,1,1,5,41,,mammal,2_3.1,36.022947,
2_3,11/14/2022,5:44 PM,day,White-tailed deer,Odocoileus virginianus,2,2,5,4,39,,mammal,2_3.2,36.022947,
2_3,11/14/2022,7:39 PM,dusk,White-tailed deer,Odocoileus virginianus,1,3,9,1,33,,mammal,2_3.3,36.022947,
2_3,11/14/2022,10:18 PM,night,White-tailed deer,Odocoileus virginianus,2,4,13,0,32,,mammal,2_3.4,36.022947,
2_3,11/15/2022,2:59 AM,night,Common Racoon,Procyon lotor,1,5,15,2,35,,mammal,2_3.5,36.022947,
2_3,11/15/2022,12:53 PM,day,White-tailed deer,Odocoileus virginianus,1,6,21,4,39,,mammal,2_3.6,36.022947,
2_3,11/17/2022,2:21 AM,night,White-tailed deer,Odocoileus virginianus,1,7,25,-2,29,,mammal,2_3.7,36.022947,
2_3,11/17/2022,7:06 AM,dawn,White-tailed deer,Odocoileus virginianus,1,8,27,-3,27,,mammal,2_3.8,36.022947,
2_3,11/17/2022,7:06 AM,dawn,White-tailed deer,Odocoileus virginianus,1,8_02,29,-3,27,,mammal,2_3.8_02,36.022947,
2_3,11/17/2022,7:07 AM,dawn,White-tailed deer,Odocoileus virginianus,3,8_03,31,-3,27,,mammal,2_3.8_03,36.022947,
2_3,11/17/2022,9:08 AM,day,White-tailed deer,Odocoileus virginianus,1,9,33,3,37,,mammal,2_3.9,36.022947,
2_3,11/17/2022,4:52 PM,day,White-tailed deer,Odocoileus virginianus,1,10,35,3,37,,mammal,2_3.10,36.022947,
2_3,11/17/2022,4:53 PM,day,White-tailed deer,Odocoileus virginianus,1,10_02,37,3,37,,mammal,2_3.10_02,36.022947,
2_3,11/18/2022,5:14 AM,night,White-tailed deer,Odocoileus virginianus,2,11,51,-5,23,,mammal,2_3.11,36.022947,
2_3,11/18/2022,7:10 AM,dawn,White-tailed deer,Odocoileus virginianus,1,12,57,-5,23,,mammal,2_3.12,36.022947,
2_3,11/18/2022,5:26 PM,day,Fox,Vulpes sp.,1,13,61,4,39,,mammal,2_3.13,36.022947,
2_3,11/18/2022,6:12 PM,dusk,White-tailed deer,Odocoileus virginianus,1,14,63,2,35,,mammal,2_3.14,36.022947,
2_3,11/18/2022,6:15 PM,dusk,Common Racoon,Procyon lotor,1,15,67,2,35,,mammal,2_3.15,36.022947,
2_3,11/18/2022,6:16 PM,dusk,Common Racoon,Procyon lotor,1,15_02,69,2,35,,mammal,2_3.15_02,36.022947,
2_3,11/18/2022,6:42 PM,dusk,White-tailed deer,Odocoileus virginianus,1,16,71,1,33,,mammal,2_3.16,36.022947,
2_3,11/18/2022,7:48 PM,dusk,White-tailed deer,Odocoileus virginianus,1,17,73,1,33,,mammal,2_3.17,36.022947,
2_3,11/18/2022,8:38 PM,night,White-tailed deer,Odocoileus virginianus,1,18,79,0,32,,mammal,2_3.18,36.022947,
2_3,11/19/2022,6:39 AM,dawn,White-tailed deer,Odocoileus virginianus,1,19,99,-4,25,,mammal,2_3.19,36.022947,
2_3,11/19/2022,5:09 PM,day,White-tailed deer,Odocoileus virginianus,2,20,103,6,42,,mammal,2_3.20,36.022947,
2_3,11/19/2022,5:10 PM,day,White-tailed deer,Odocoileus virginianus,1,20_02,105,6,42,,mammal,2_3.20_02,36.022947,
2_3,11/19/2022,5:11 PM,day,White-tailed deer,Odocoileus virginianus,1,20_03,107,6,42,,mammal,2_3.20_03,36.022947,
2_3,11/19/2022,7:02 PM,dusk,White-tailed deer,Odocoileus virginianus,1,21,109,4,39,,mammal,2_3.21,36.022947,
2_3,11/20/2022,4:40 PM,day,White-tailed deer,Odocoileus virginianus,2,22,111,3,37,,mammal,2_3.22,36.022947,
2_3,11/20/2022,4:43 PM,day,White-tailed deer,Odocoileus virginianus,1,22_02,113,3,37,,mammal,2_3.22_02,36.022947,
2_3,11/20/2022,4:51 PM,day,White-tailed deer,Odocoileus virginianus,1,23,115,3,37,,mammal,2_3.23,36.022947,
2_3,11/20/2022,5:07 PM,day,Gray squirrel,Sciurus carolinensis,1,24,119,2,35,,mammal,2_3.24,36.022947,
2_3,11/20/2022,5:07 PM,day,Gray squirrel,Sciurus carolinensis,1,24_02,121,2,35,,mammal,2_3.24_02,36.022947,
2_3,11/20/2022,5:08 PM,day,Gray squirrel,Sciurus carolinensis,1,24_03,123,2,35,,mammal,2_3.24_03,36.022947,
2_3,11/20/2022,5:10 PM,day,Gray squirrel,Sciurus carolinensis,1,24_04,125,2,35,,mammal,2_3.24_04,36.022947,
2_3,11/20/2022,8:05 PM,night,White-tailed deer,Odocoileus virginianus,1,25,129,-3,27,,mammal,2_3.25,36.022947,
2_3,11/21/2022,12:21 AM,night,White-tailed deer,Odocoileus virginianus,1,26,131,-4,25,,mammal,2_3.26,36.022947,
2_3,11/21/2022,2:51 AM,night,White-tailed deer,Odocoileus virginianus,1,27,133,-5,23,,mammal,2_3.27,36.022947,
2_3,11/21/2022,4:06 AM,night,White-tailed deer,Odocoileus virginianus,1,28,135,-5,23,,mammal,2_3.28,36.022947,
2_3,11/21/2022,5:31 AM,night,White-tailed deer,Odocoileus virginianus,1,29,137,-5,23,,mammal,2_3.29,36.022947,
2_3,11/21/2022,6:39 AM,dawn,Gray squirrel,Sciurus carolinensis,1,30,304,-5,23,,mammal,2_3.30,36.022947,
2_3,11/21/2022,6:43 AM,dawn,Gray squirrel,Sciurus carolinensis,1,30_02,306,-5,23,,mammal,2_3.30_02,36.022947,
2_3,11/21/2022,6:44 AM,dawn,Gray squirrel,Sciurus carolinensis,1,30_03,310,-5,23,,mammal,2_3.30_03,36.022947,
2_3,11/21/2022,6:46 AM,dawn,Gray squirrel,Sciurus carolinensis,1,30_04,312,-5,23,,mammal,2_3.30_04,36.022947,
2_3,11/21/2022,6:47 AM,dawn,Gray squirrel,Sciurus carolinensis,1,30_05,314,-5,23,,mammal,2_3.30_05,36.022947,
2_3,11/21/2022,6:48 AM,dawn,Gray squirrel,Sciurus carolinensis,1,30_06,316,-5,23,,mammal,2_3.30_06,36.022947,
2_3,11/21/2022,6:49 AM,dawn,Gray squirrel,Sciurus carolinensis,1,30_07,318,-5,23,,mammal,2_3.30_07,36.022947,
2_3,11/21/2022,6:52 AM,dawn,Gray squirrel,Sciurus carolinensis,1,30_08,320,-5,23,,mammal,2_3.30_08,36.022947,
2_3,11/21/2022,6:58 AM,dawn,Gray squirrel,Sciurus carolinensis,1,30_09,322,-5,23,,mammal,2_3.30_09,36.022947,
2_3,11/21/2022,7:01 AM,dawn,Gray squirrel,Sciurus carolinensis,1,30_10,324,-5,23,,mammal,2_3.30_10,36.022947,
2_3,11/21/2022,5:08 PM,day,Gray squirrel,Sciurus carolinensis,1,31,328,4,39,,mammal,2_3.31,36.022947,
2_3,11/21/2022,5:10 PM,day,Gray squirrel,Sciurus carolinensis,1,31_02,330,4,39,,mammal,2_3.31_02,36.022947,
2_3,11/22/2022,12:49 AM,night,White-tailed deer,Odocoileus virginianus,1,32,335,-2,29,,mammal,2_3.32,36.022947,
2_3,11/22/2022,12:49 AM,night,White-tailed deer,Odocoileus virginianus,1,32_03,336,-2,29,,mammal,2_3.32_03,36.022947,
2_3,11/22/2022,1:00 AM,night,White-tailed deer,Odocoileus virginianus,1,33,340,-2,29,,mammal,2_3.33,36.022947,
2_3,11/22/2022,6:49 AM,dawn,White-tailed deer,Odocoileus virginianus,3,34,346,-3,27,,mammal,2_3.34,36.022947,
2_3,11/22/2022,6:54 AM,dawn,White-tailed deer,Odocoileus virginianus,1,35,348,-3,27,,mammal,2_3.35,36.022947,
2_3,11/22/2022,6:22 PM,dusk,White-tailed deer,Odocoileus virginianus,1,36,350,7,44,,mammal,2_3.36,36.022947,
2_3,11/22/2022,8:07 PM,night,White-tailed deer,Odocoileus virginianus,1,37,352,6,42,,mammal,2_3.37,36.022947,
2_3,11/22/2022,8:08 PM,night,White-tailed deer,Odocoileus virginianus,1,37_02,354,6,42,,mammal,2_3.37_02,36.022947,
2_3,11/22/2022,8:18 PM,night,White-tailed deer,Odocoileus virginianus,1,38,356,6,42,,mammal,2_3.38,36.022947,
2_3,11/22/2022,11:39 PM,night,White-tailed deer,Odocoileus virginianus,1,39,358,4,39,,mammal,2_3.39,36.022947,
2_3,11/23/2022,1:28 AM,night,Fox,Vulpes sp.,1,40,360,3,37,,mammal,2_3.40,36.022947,
2_3,11/23/2022,3:48 AM,night,White-tailed deer,Odocoileus virginianus,1,41,362,1,33,,mammal,2_3.41,36.022947,
2_3,11/23/2022,3:52 AM,night,White-tailed deer,Odocoileus virginianus,1,41_02,364,1,33,,mammal,2_3.41_02,36.022947,
2_3,11/23/2022,3:54 AM,night,White-tailed deer,Odocoileus virginianus,1,41_03,366,1,33,,mammal,2_3.41_03,36.022947,
2_3,11/23/2022,8:12 AM,day,White-tailed deer,Odocoileus virginianus,1,42,368,1,33,,mammal,2_3.42,36.022947,
3_3,11/15/2022,3:08 PM,day,White-tailed deer,Odocoileus virginianus,1,1,1,5,41,,mammal,3_3.1,36.023145,
3_3,11/15/2022,4:48 PM,day,Gray squirrel,Sciurus carolinensis,1,2,3,5,41,,mammal,3_3.2,36.023145,
3_3,11/15/2022,4:50 PM,day,Gray squirrel,Sciurus carolinensis,1,2_02,5,6,42,,mammal,3_3.2_02,36.023145,
3_3,11/16/2022,6:37 AM,dawn,Gray squirrel,Sciurus carolinensis,1,3,7,3,37,,mammal,3_3.3,36.023145,
3_3,11/16/2022,6:28 PM,dusk,White-tailed deer,Odocoileus virginianus,1,4,9,6,42,,mammal,3_3.4,36.023145,
3_3,11/16/2022,8:18 PM,night,Virginia opossum,Didelphis virginiana,1,5,11,4,39,,mammal,3_3.5,36.023145,
3_3,11/16/2022,8:54 PM,night,White-tailed deer,Odocoileus virginianus,1,6,13,3,39,,mammal,3_3.6,36.023145,
3_3,11/17/2022,6:29 AM,dawn,Gray squirrel,Sciurus carolinensis,1,7,15,-2,28,,mammal,3_3.7,36.023145,
3_3,11/17/2022,6:30 AM,dawn,Gray squirrel,Sciurus carolinensis,1,7_02,17,-2,28,,mammal,3_3.7_02,36.023145,
3_3,11/17/2022,6:44 AM,dawn,Gray squirrel,Sciurus carolinensis,1,7_03,19,-2,28,,mammal,3_3.7_03,36.023145,
3_3,11/17/2022,6:46 AM,dawn,Gray squirrel,Sciurus carolinensis,1,7_04,21,-2,28,,mammal,3_3.7_04,36.023145,
3_3,11/17/2022,6:54 AM,dawn,Gray squirrel,Sciurus carolinensis,1,7_05,23,-2,28,,mammal,3_3.7_05,36.023145,
3_3,11/17/2022,6:55 AM,dawn,Gray squirrel,Sciurus carolinensis,1,7_06,25,-2,28,,mammal,3_3.7_06,36.023145,
3_3,11/17/2022,7:27 AM,dawn,White-tailed deer,Odocoileus virginianus,1,8,27,-2,28,,mammal,3_3.8,36.023145,
3_3,11/17/2022,3:02 PM,day,Gray squirrel,Sciurus carolinensis,1,9,29,7,44,,mammal,3_3.9,36.023145,
3_3,11/17/2022,3:02 PM,day,Gray squirrel,Sciurus carolinensis,1,9_02,31,8,46,,mammal,3_3.9_02,36.023145,
3_3,11/17/2022,3:05 PM,day,Gray squirrel,Sciurus carolinensis,1,9_03,33,8,46,,mammal,3_3.9_03,36.023145,
3_3,11/18/2022,2:54 PM,day,Gray squirrel,Sciurus carolinensis,1,10,35,9,48,,mammal,3_3.10,36.023145,
3_3,11/18/2022,2:54 PM,day,Gray squirrel,Sciurus carolinensis,1,10_02,37,9,48,,mammal,3_3.10_02,36.023145,
3_3,11/18/2022,2:55 PM,day,Gray squirrel,Sciurus carolinensis,1,10_03,39,9,48,,mammal,3_3.10_03,36.023145,
3_3,11/18/2022,2:56 PM,day,Gray squirrel,Sciurus carolinensis,1,10_04,41,9,48,,mammal,3_3.10_04,36.023145,
3_3,11/18/2022,2:57 PM,day,Gray squirrel,Sciurus carolinensis,1,10_05,43,9,48,nut in mouth,mammal,3_3.10_05,36.023145,
3_3,11/18/2022,3:06 PM,day,Gray squirrel,Sciurus carolinensis,1,10_06,45,9,48,,mammal,3_3.10_06,36.023145,
3_3,11/18/2022,3:08 PM,day,Gray squirrel,Sciurus carolinensis,1,10_07,47,9,48,,mammal,3_3.10_07,36.023145,
3_3,11/18/2022,3:08 PM,day,Gray squirrel,Sciurus carolinensis,1,10_08,49,9,48,,mammal,3_3.10_08,36.023145,
3_3,11/18/2022,3:08 PM,day,Gray squirrel,Sciurus carolinensis,1,10_09,51,9,48,,mammal,3_3.10_09,36.023145,
3_3,11/18/2022,3:37 PM,day,Gray squirrel,Sciurus carolinensis,1,10_10,53,8,46,,mammal,3_3.10_10,36.023145,
3_3,11/18/2022,3:39 PM,day,Gray squirrel,Sciurus carolinensis,1,10_11,55,8,46,,mammal,3_3.10_11,36.023145,
3_3,11/18/2022,3:45 PM,day,Gray squirrel,Sciurus carolinensis,1,10_12,57,8,46,,mammal,3_3.10_12,36.023145,
3_3,11/18/2022,3:46 PM,day,Gray squirrel,Sciurus carolinensis,1,10_13,59,8,46,,mammal,3_3.10_13,36.023145,
3_3,11/18/2022,3:46 PM,day,Gray squirrel,Sciurus carolinensis,1,10_14,61,8,46,,mammal,3_3.10_14,36.023145,
3_3,11/18/2022,3:47 PM,day,Gray squirrel,Sciurus carolinensis,1,10_15,63,8,46,,mammal,3_3.10_15,36.023145,
3_3,11/18/2022,3:47 PM,day,Gray squirrel,Sciurus carolinensis,1,10_16,65,8,46,,mammal,3_3.10_16,36.023145,
3_3,11/18/2022,3:52 PM,day,Gray squirrel,Sciurus carolinensis,1,10_17,67,8,46,,mammal,3_3.10_17,36.023145,
3_3,11/18/2022,3:52 PM,day,Gray squirrel,Sciurus carolinensis,1,10_18,69,8,46,,mammal,3_3.10_18,36.023145,
3_3,11/19/2022,6:27 AM,dawn,White-tailed deer,Odocoileus virginianus,1,11,71,-3,26,,mammal,3_3.11,36.023145,
3_3,11/19/2022,7:50 AM,dawn,White-tailed deer,Odocoileus virginianus,1,12,71,-3,26,,mammal,3_3.12,36.023145,
3_3,11/19/2022,2:55 PM,day,Gray squirrel,Sciurus carolinensis,1,13,75,10,50,,mammal,3_3.13,36.023145,
3_3,11/19/2022,2:56 PM,day,Gray squirrel,Sciurus carolinensis,1,13_02,77,11,51,,mammal,3_3.13_02,36.023145,
3_3,11/19/2022,5:09 PM,day,Gray squirrel,Sciurus carolinensis,1,14,79,7,44,,mammal,3_3.14,36.023145,
3_3,11/19/2022,5:37 PM,day,White-tailed deer,Odocoileus virginianus,1,15,81,6,42,,mammal,3_3.15,36.023145,
3_3,11/19/2022,5:37 PM,day,White-tailed deer,Odocoileus virginianus,2,15_02,83,6,42,,mammal,3_3.15_02,36.023145,
3_3,11/20/2022,7:12 AM,day,Gray squirrel,Sciurus carolinensis,1,16,85,1,33,,mammal,3_3.16,36.023145,
3_3,11/21/2022,6:46 AM,dawn,Gray squirrel,Sciurus carolinensis,1,17,87,-4,24,,mammal,3_3.17,36.023145,
3_3,11/21/2022,1:41 PM,day,Gray squirrel,Sciurus carolinensis,1,18,91,10,50,,mammal,3_3.18,36.023145,
3_3,11/21/2022,1:42 PM,day,Gray squirrel,Sciurus carolinensis,1,18_02,93,10,50,,mammal,3_3.18_02,36.023145,
3_3,11/21/2022,1:42 PM,day,Gray squirrel,Sciurus carolinensis,1,18_03,95,10,50,,mammal,3_3.18_03,36.023145,
3_3,11/22/2022,12:44 AM,night,White-tailed deer,Odocoileus virginianus,1,19,97,-1,30,,mammal,3_3.19,36.023145,
3_3,11/22/2022,1:43 AM,night,White-tailed deer,Odocoileus virginianus,1,20,99,-1,30,,mammal,3_3.20,36.023145,
3_3,11/22/2022,6:45 AM,dawn,Gray squirrel,Sciurus carolinensis,1,21,101,-2,28,,mammal,3_3.21,36.023145,
3_3,11/22/2022,7:27 AM,dawn,Gray squirrel,Sciurus carolinensis,1,22,103,-3,26,,mammal,3_3.22,36.023145,
3_3,11/22/2022,7:27 AM,dawn,Gray squirrel,Sciurus carolinensis,1,22_02,105,-2,28,,mammal,3_3.22_02,36.023145,
3_3,11/22/2022,7:28 AM,dawn,Gray squirrel,Sciurus carolinensis,1,22_03,107,-2,28,,mammal,3_3.22_03,36.023145,
3_3,11/22/2022,7:28 AM,dawn,Gray squirrel,Sciurus carolinensis,1,22_04,109,-2,28,,mammal,3_3.22_04,36.023145,
4_3,11/14/2022,5:21 PM,day,Gray squirrel,Sciurus carolinensis,1,1,1,8,46,,mammal,4_3.1,36.023674,
4_3,11/14/2022,6:46 PM,dawn,Common Racoon,Procyon lotor,1,2,3,5,41,,mammal,4_3.2,36.023674,
4_3,11/15/2022,8:04 PM,night,Virginia opossum,Didelphis virginiana,1,3,5,4,39,,mammal,4_3.3,36.023674,
4_3,11/16/2022,4:14 PM,day,Gray squirrel,Sciurus carolinensis,1,4,7,11,51,,mammal,4_3.4,36.023674,
4_3,11/18/2022,7:17 AM,dawn,Gray squirrel,Sciurus carolinensis,1,5,9,-4,24,,mammal,4_3.5,36.023674,
4_3,11/18/2022,8:00 AM,dawn,Gray squirrel,Sciurus carolinensis,1,5_02,11,-3,26,,mammal,4_3.5_02,36.023674,
4_3,11/18/2022,8:09 AM,day,Gray squirrel,Sciurus carolinensis,1,5_03,13,-2,28,,mammal,4_3.5_03,36.023674,
4_3,11/18/2022,8:17 AM,day,Gray squirrel,Sciurus carolinensis,1,5_04,15,-2,28,,mammal,4_3.5_04,36.023674,
4_3,11/18/2022,8:18 AM,day,Gray squirrel,Sciurus carolinensis,1,5_05,17,-2,28,,mammal,4_3.5_05,36.023674,
4_3,11/18/2022,2:40 PM,day,Gray squirrel,Sciurus carolinensis,1,6,19,10,50,,mammal,4_3.6,36.023674,
4_3,11/18/2022,2:40 PM,day,Gray squirrel,Sciurus carolinensis,1,6_02,21,10,50,,mammal,4_3.6_02,36.023674,
4_3,11/18/2022,2:40 PM,day,Gray squirrel,Sciurus carolinensis,1,6_03,23,10,50,,mammal,4_3.6_03,36.023674,
4_3,11/18/2022,2:41 PM,day,Gray squirrel,Sciurus carolinensis,1,6_04,25,10,50,,mammal,4_3.6_04,36.023674,
4_3,11/18/2022,2:42 PM,day,Gray squirrel,Sciurus carolinensis,1,6_05,27,10,50,,mammal,4_3.6_05,36.023674,
4_3,11/18/2022,2:42 PM,day,Gray squirrel,Sciurus carolinensis,1,6_06,29,10,50,,mammal,4_3.6_06,36.023674,
4_3,11/19/2022,6:54 AM,dawn,Gray squirrel,Sciurus carolinensis,1,7,31,-1,30,,mammal,4_3.7,36.023674,
4_3,11/19/2022,7:43 AM,dawn,White-tailed deer,Odocoileus virginianus,1,8,33,-1,30,,mammal,4_3.8,36.023674,
4_3,11/19/2022,7:43 AM,dawn,White-tailed deer,Odocoileus virginianus,1,8_02,35,-1,30,,mammal,4_3.8_02,36.023674,
4_3,11/19/2022,10:00 PM,night,Virginia opossum,Didelphis virginiana,1,9,37,6,42,,mammal,4_3.9,36.023674,
4_3,11/19/2022,10:00 PM,night,Virginia opossum,Didelphis virginiana,1,9_02,39,6,42,,mammal,4_3.9_02,36.023674,
4_3,11/20/2022,7:14 AM,dawn,Gray squirrel,Sciurus carolinensis,1,10,41,3,37,,mammal,4_3.10,36.023674,
4_3,11/20/2022,7:17 AM,dawn,Gray squirrel,Sciurus carolinensis,1,10_02,43,3,37,,mammal,4_3.10_02,36.023674,
4_3,11/20/2022,5:55 PM,day,White-tailed deer,Odocoileus virginianus,1,11,45,3,37,,mammal,4_3.11,36.023674,
4_3,11/20/2022,5:58 PM,day,White-tailed deer,Odocoileus virginianus,1,11_02,49,3,37,,mammal,4_3.11_02,36.023674,
4_3,11/21/2022,4:44 PM,day,Gray squirrel,Sciurus carolinensis,1,12,55,8,46,,mammal,4_3.12,36.023674,
4_3,11/22/2022,3:09 PM,day,Gray squirrel,Sciurus carolinensis,1,13,57,15,59,,mammal,4_3.13,36.023674,
4_3,11/22/2022,3:10 PM,day,Gray squirrel,Sciurus carolinensis,1,13_02,59,15,59,,mammal,4_3.13_02,36.023674,
4_3,11/22/2022,3:13 PM,day,Gray squirrel,Sciurus carolinensis,1,13_03,61,15,59,,mammal,4_3.13_03,36.023674,
4_3,11/22/2022,3:14 PM,day,Gray squirrel,Sciurus carolinensis,1,13_04,63,15,59,,mammal,4_3.13_04,36.023674,
4_3,11/22/2022,3:15 PM,day,Gray squirrel,Sciurus carolinensis,1,13_05,65,15,59,,mammal,4_3.13_05,36.023674,
4_3,11/22/2022,3:15 PM,day,Gray squirrel,Sciurus carolinensis,1,13_06,67,15,59,,mammal,4_3.13_06,36.023674,
4_3,11/22/2022,3:23 PM,day,Gray squirrel,Sciurus carolinensis,1,13_07,69,15,59,,mammal,4_3.13_07,36.023674,
4_3,11/22/2022,3:23 PM,day,Gray squirrel,Sciurus carolinensis,1,13_08,71,15,59,,mammal,4_3.13_08,36.023674,
4_3,11/22/2022,3:29 PM,day,Gray squirrel,Sciurus carolinensis,1,13_09,73,15,59,,mammal,4_3.13_09,36.023674,
4_3,11/22/2022,4:22 PM,day,Gray squirrel,Sciurus carolinensis,1,14,75,12,53,,mammal,4_3.14,36.023674,
4_3,11/23/2022,6:06 AM,dawn,White-tailed deer,Odocoileus virginianus,1,15,77,2,35,,mammal,4_3.15,36.023674,
5_3,11/15/2022,11:05 AM,day,White-tailed deer,Odocoileus virginianus,1,1,3,6,42,,mammal,5_3.1,36.024219,
5_3,11/15/2022,11:06 AM,day,White-tailed deer,Odocoileus virginianus,1,1_02,5,7,44,,mammal,5_3.1_02,36.024219,
5_3,11/15/2022,1:08 PM,day,White-tailed deer,Odocoileus virginianus,1,2,7,6,42,,mammal,5_3.2,36.024219,
5_3,11/15/2022,3:02 PM,day,White-tailed deer,Odocoileus virginianus,1,3,9,7,44,,mammal,5_3.3,36.024219,
5_3,11/17/2022,1:57 AM,night,White-tailed deer,Odocoileus virginianus,1,4,11,0,32,,mammal,5_3.4,36.024219,
5_3,11/17/2022,6:20 PM,dusk,White-tailed deer,Odocoileus virginianus,1,5,13,1,33,,mammal,5_3.5,36.024219,
5_3,11/18/2022,2:02 AM,night,White-tailed deer,Odocoileus virginianus,1,6,15,-3,26,,mammal,5_3.6,36.024219,
5_3,11/18/2022,2:03 AM,night,White-tailed deer,Odocoileus virginianus,1,6_02,17,-3,26,,mammal,5_3.6_02,36.024219,
5_3,11/18/2022,2:04 AM,night,White-tailed deer,Odocoileus virginianus,1,6_03,19,-3,26,,mammal,5_3.6_03,36.024219,
6_3,11/18/2022,2:08 AM,night,White-tailed deer,Odocoileus virginianus,1,1,1,-3,26,,mammal,6_3.1,36.024521,
6_3,11/18/2022,2:34 AM,night,White-tailed deer,Odocoileus virginianus,1,2,3,-3,26,,mammal,6_3.2,36.024521,
6_3,11/20/2022,6:02 PM,dawn,White-tailed deer,Odocoileus virginianus,1,3,5,2,35,,mammal,6_3.3,36.024521,
6_3,11/22/2022,8:19 AM,day,White-tailed deer,Odocoileus virginianus,1,4,7,-1,30,,mammal,6_3.4,36.024521,
8_3,11/14/2022,7:27 PM,dawn,White-tailed deer,Odocoileus virginianus,1,1,1,3,37,,mammal,8_3.1,36.024684,
8_3,11/15/2022,11:08 AM,day,White-tailed deer,Odocoileus virginianus,2,2,3,7,44,,mammal,8_3.2,36.024684,
8_3,11/15/2022,11:09 AM,day,White-tailed deer,Odocoileus virginianus,3,2_02,5,7,44,,mammal,8_3.2_02,36.024684,
8_3,11/16/2022,5:13 PM,day,White-tailed deer,Odocoileus virginianus,1,3,7,9,48,,mammal,8_3.3,36.024684,
8_3,11/16/2022,5:13 PM,day,Gray squirrel,Sciurus carolinensis,1,4,7,9,48,,mammal,8_3.4,36.024684,
8_3,11/17/2022,5:09 PM,day,White-tailed deer,Odocoileus virginianus,1,5,9,5,41,,mammal,8_3.5,36.024684,
8_3,11/17/2022,5:10 PM,day,White-tailed deer,Odocoileus virginianus,1,5_02,11,5,41,,mammal,8_3.5_02,36.024684,
8_3,11/17/2022,5:23 PM,day,Common Racoon,Procyon lotor,1,6,13,5,41,,mammal,8_3.6,36.024684,
8_3,11/18/2022,12:40 AM,night,White-tailed deer,Odocoileus virginianus,1,7,15,-1,30,,mammal,8_3.7,36.024684,
8_3,11/18/2022,9:18 PM,night,White-tailed deer,Odocoileus virginianus,1,8,17,2,35,,mammal,8_3.8,36.024684,
8_3,11/18/2022,9:20 PM,night,White-tailed deer,Odocoileus virginianus,1,8_02,19,2,35,,mammal,8_3.8_02,36.024684,
8_3,11/18/2022,10:45 PM,night,White-tailed deer,Odocoileus virginianus,1,9,21,1,33,,mammal,8_3.9,36.024684,
8_3,11/18/2022,10:45 PM,night,White-tailed deer,Odocoileus virginianus,1,9_02,23,2,35,,mammal,8_3.9_02,36.024684,
8_3,11/20/2022,2:37 AM,night,White-tailed deer,Odocoileus virginianus,3,10,25,4,39,,mammal,8_3.10,36.024684,
8_3,11/20/2022,4:08 AM,night,White-tailed deer,Odocoileus virginianus,1,11,27,4,39,,mammal,8_3.11,36.024684,
8_3,11/20/2022,5:32 PM,day,White-tailed deer,Odocoileus virginianus,1,12,29,3,37,,mammal,8_3.12,36.024684,
8_3,11/20/2022,5:33 PM,day,White-tailed deer,Odocoileus virginianus,1,12_02,31,4,39,,mammal,8_3.12_02,36.024684,
8_3,11/22/2022,2:56 AM,night,White-tailed deer,Odocoileus virginianus,1,13,33,1,33,,mammal,8_3.13,36.024684,
8_3,11/22/2022,2:57 AM,night,White-tailed deer,Odocoileus virginianus,1,14,35,1,33,,mammal,8_3.14,36.024684,
8_3,11/22/2022,2:58 AM,night,White-tailed deer,Odocoileus virginianus,1,14_02,37,1,33,,mammal,8_3.14_02,36.024684,
8_3,11/22/2022,2:58 AM,night,White-tailed deer,Odocoileus virginianus,2,14_03,39,1,33,,mammal,8_3.14_03,36.024684,
8_3,11/22/2022,2:58 AM,night,White-tailed deer,Odocoileus virginianus,1,14_04,41,1,33,,mammal,8_3.14_04,36.024684,
8_3,11/22/2022,4:53 PM,day,White-tailed deer,Odocoileus virginianus,2,15,43,11,51,,mammal,8_3.15,36.024684,
8_3,11/22/2022,4:53 PM,day,White-tailed deer,Odocoileus virginianus,2,15_02,45,11,51,,mammal,8_3.15_02,36.024684,
8_3,11/22/2022,4:53 PM,day,White-tailed deer,Odocoileus virginianus,2,15_03,47,12,53,,mammal,8_3.15_03,36.024684,
8_3,11/22/2022,4:54 PM,day,White-tailed deer,Odocoileus virginianus,1,15_04,49,12,53,,mammal,8_3.15_04,36.024684,
8_3,11/22/2022,4:55 PM,day,White-tailed deer,Odocoileus virginianus,1,15_05,51,12,53,,mammal,8_3.15_05,36.024684,
8_3,11/22/2022,5:25 PM,day,White-tailed deer,Odocoileus virginianus,1,16,53,10,50,,mammal,8_3.16,36.024684,
7_3,11/20/2022,7:51 PM,dusk,White-tailed deer,Odocoileus virginianus,1,1,3,-1,30,,mammal,7_3.1,36.02513,
9_3,11/15/2022,3:42 AM,night,Common Racoon,Procyon lotor,1,1,1,NA,NA,,mammal,9_3.1,36.024526,
9_3,11/15/2022,3:42 AM,night,Common Racoon,Procyon lotor,1,1_02,2,NA,NA,,mammal,9_3.1_02,36.024526,
11_1,11/14/2022,2:56 AM,night,White-tailed deer,Odocoileus virginianus,1,1,3,1,33,,mammal,11_1.1,36.023375,
11_1,11/24/2022,1:00 AM,night,White-tailed deer,Odocoileus virginianus,1,2,7,3,37,,mammal,11_1.2,36.023375,
11_1,11/24/2022,4:57 AM,night,White-tailed deer,Odocoileus virginianus,3,3,9,2,35,,mammal,11_1.3,36.023375,
11_1,11/24/2022,8:18 PM,night,White-tailed deer,Odocoileus virginianus,1,4,11,10,50,,mammal,11_1.4,36.023375,
11_1,11/26/2022,8:32 AM,day,White-tailed deer,Odocoileus virginianus,5,5,13,5,41,,mammal,11_1.5,36.023375,
11_1,11/29/2022,2:50 AM,night,White-tailed deer,Odocoileus virginianus,2,6,17,4,39,,mammal,11_1.6,36.023375,
11_1,11/29/2022,5:54 AM,night,White-tailed deer,Odocoileus virginianus,2,7,19,3,37,,mammal,11_1.7,36.023375,
11_1,11/29/2022,5:57 AM,night,White-tailed deer,Odocoileus virginianus,2,7_02,21,4,39,butting antlers,mammal,11_1.7_02,36.023375,
11_1,11/29/2022,5:57 AM,night,White-tailed deer,Odocoileus virginianus,2,7_03,23,4,39,,mammal,11_1.7_03,36.023375,
11_1,11/29/2022,5:57 AM,night,White-tailed deer,Odocoileus virginianus,2,7_04,25,4,39,,mammal,11_1.7_04,36.023375,
11_1,11/29/2022,5:04 PM,day,White-tailed deer,Odocoileus virginianus,4,8,27,12,53,,mammal,11_1.8,36.023375,
11_1,11/29/2022,5:05 PM,day,White-tailed deer,Odocoileus virginianus,5,8_02,29,12,53,,mammal,11_1.8_02,36.023375,
11_1,11/29/2022,5:05 PM,day,White-tailed deer,Odocoileus virginianus,6,8_03,31,12,53,,mammal,11_1.8_03,36.023375,
11_1,11/29/2022,5:06 PM,day,White-tailed deer,Odocoileus virginianus,5,8_04,33,12,53,,mammal,11_1.8_04,36.023375,
11_1,11/29/2022,5:07 PM,day,White-tailed deer,Odocoileus virginianus,3,8_05,35,12,53,,mammal,11_1.8_05,36.023375,
11_1,11/29/2022,5:40 PM,day,White-tailed deer,Odocoileus virginianus,2,9,37,10,50,,mammal,11_1.9,36.023375,
11_1,11/29/2022,7:18 PM,dusk,White-tailed deer,Odocoileus virginianus,1,10,39,9,48,,mammal,11_1.10,36.023375,
11_1,11/29/2022,7:20 PM,dusk,White-tailed deer,Odocoileus virginianus,1,10_02,41,9,48,,mammal,11_1.10_02,36.023375,
11_1,12/1/2022,3:50 AM,night,White-tailed deer,Odocoileus virginianus,1,11,43,1,33,,mammal,11_1.11,36.023375,
11_1,12/2/2022,2:37 AM,night,White-tailed deer,Odocoileus virginianus,4,12,45,-2,28,,mammal,11_1.12,36.023375,
11_1,12/2/2022,2:38 AM,night,White-tailed deer,Odocoileus virginianus,4,12_02,47,-2,28,,mammal,11_1.12_02,36.023375,
11_1,12/2/2022,2:44 AM,night,White-tailed deer,Odocoileus virginianus,4,13,49,-2,28,,mammal,11_1.13,36.023375,
11_1,12/5/2022,5:50 PM,day,White-tailed deer,Odocoileus virginianus,2,14,65,8,46,,mammal,11_1.14,36.023375,
11_1,12/5/2022,5:51 PM,day,White-tailed deer,Odocoileus virginianus,2,14_02,67,8,46,,mammal,11_1.14_02,36.023375,
11_1,12/5/2022,6:18 PM,dusk,White-tailed deer,Odocoileus virginianus,1,15,69,8,46,,mammal,11_1.15,36.023375,
11_1,12/10/2022,2:16 AM,night,White-tailed deer,Odocoileus virginianus,3,16,73,8,46,,mammal,11_1.16,36.023375,
11_1,12/11/2022,6:00 AM,dawn,White-tailed deer,Odocoileus virginianus,2,17,75,6,42,,mammal,11_1.17,36.023375,
11_1,12/17/2022,9:06 PM,night,White-tailed deer,Odocoileus virginianus,1,18,79,1,33,,mammal,11_1.18,36.023375,
12_1,11/12/2022,9:30 AM,day,Gray squirrel,Sciurus carolinensis,1,1,13,17,62,,mammal,12_1.1,36.024256,
12_1,11/14/2022,4:43 PM,day,Gray squirrel,Sciurus carolinensis,1,2,17,9,48,,mammal,12_1.2,36.024256,
12_1,11/24/2022,7:13 AM,dawn,White-tailed deer,Odocoileus virginianus,1,3,25,0,32,,mammal,12_1.3,36.024256,
12_1,11/24/2022,6:44 PM,dusk,White-tailed deer,Odocoileus virginianus,1,4,27,11,51,one antler,mammal,12_1.4,36.024256,
12_1,11/24/2022,6:45 PM,dusk,White-tailed deer,Odocoileus virginianus,1,4_02,29,11,51,,mammal,12_1.4_02,36.024256,
12_1,11/24/2022,9:30 PM,night,White-tailed deer,Odocoileus virginianus,1,5,31,10,50,,mammal,12_1.5,36.024256,
12_1,11/25/2022,5:21 PM,day,White-tailed deer,Odocoileus virginianus,1,6,33,13,55,,mammal,12_1.6,36.024256,
12_1,11/25/2022,5:21 PM,day,White-tailed deer,Odocoileus virginianus,2,6_02,35,13,55,,mammal,12_1.6_02,36.024256,
12_1,11/25/2022,5:22 PM,day,White-tailed deer,Odocoileus virginianus,2,6_03,37,14,57,,mammal,12_1.6_03,36.024256,
12_1,11/25/2022,5:22 PM,day,White-tailed deer,Odocoileus virginianus,1,6_04,39,13,55,,mammal,12_1.6_04,36.024256,
12_1,11/26/2022,7:32 PM,dusk,White-tailed deer,Odocoileus virginianus,2,7,41,8,46,,mammal,12_1.7,36.024256,
12_1,11/26/2022,7:32 PM,dusk,White-tailed deer,Odocoileus virginianus,1,7_02,43,8,46,,mammal,12_1.7_02,36.024256,
12_1,12/2/2022,1:52 AM,night,White-tailed deer,Odocoileus virginianus,1,8,47,-3,26,,mammal,12_1.8,36.024256,
12_1,12/2/2022,6:53 AM,dawn,Gray squirrel,Sciurus carolinensis,1,9,49,-4,24,,mammal,12_1.9,36.024256,
12_1,12/3/2022,8:35 PM,night,White-tailed deer,Odocoileus virginianus,1,10,51,12,53,,mammal,12_1.10,36.024256,
12_1,12/10/2022,4:38 AM,night,White-tailed deer,Odocoileus virginianus,2,11,57,6,42,,mammal,12_1.11,36.024256,
12_1,12/10/2022,4:39 AM,night,White-tailed deer,Odocoileus virginianus,1,11_02,59,7,44,,mammal,12_1.11_02,36.024256,
12_1,12/11/2022,5:06 PM,day,Gray squirrel,Sciurus carolinensis,1,12,61,9,48,,mammal,12_1.12,36.024256,
12_1,12/12/2022,5:46 PM,day,White-tailed deer,Odocoileus virginianus,1,13,63,5,41,,mammal,12_1.13,36.024256,
12_1,12/14/2022,6:08 PM,dusk,White-tailed deer,Odocoileus virginianus,3,14,65,4,39,,mammal,12_1.14,36.024256,
12_1,12/15/2022,4:51 PM,day,Gray squirrel,Sciurus carolinensis,3,15,67,3,37,,mammal,12_1.15,36.024256,
12_1,12/18/2022,9:42 PM,night,White-tailed deer,Odocoileus virginianus,1,16,69,-1,30,,mammal,12_1.16,36.024256,
3_4,12/20/2022,3:47 AM,night,White-tailed deer,Odocoileus virginianus,1,1,1,-3,26,,mammal,3_4.1,36.023145,
3_4,12/25/2022,5:18 PM,day,Gray squirrel,Sciurus carolinensis,1,2,3,-3,26,,mammal,3_4.2,36.023145,
3_4,12/26/2022,7:15 AM,dawn,Gray squirrel,Sciurus carolinensis,1,3,5,-10,14,,mammal,3_4.3,36.023145,
3_4,12/26/2022,8:14 AM,day,Gray squirrel,Sciurus carolinensis,1,4,7,-10,14,,mammal,3_4.4,36.023145,
3_4,12/26/2022,8:14 AM,day,Gray squirrel,Sciurus carolinensis,1,4_02,9,-9,15,,mammal,3_4.4_02,36.023145,
3_4,12/27/2022,12:24 AM,night,Common Racoon,Procyon lotor,1,5,11,-4,24,,mammal,3_4.5,36.023145,
3_4,12/27/2022,1:45 PM,day,Gray squirrel,Sciurus carolinensis,1,6,13,8,46,,mammal,3_4.6,36.023145,
3_4,12/27/2022,1:45 PM,day,Gray squirrel,Sciurus carolinensis,1,6_02,15,8,46,,mammal,3_4.6_02,36.023145,
3_4,12/27/2022,1:57 PM,day,Gray squirrel,Sciurus carolinensis,1,7,17,7,44,,mammal,3_4.7,36.023145,
3_4,12/27/2022,1:57 PM,day,Gray squirrel,Sciurus carolinensis,1,7_02,19,7,44,,mammal,3_4.7_02,36.023145,
3_4,12/27/2022,1:57 PM,day,Gray squirrel,Sciurus carolinensis,1,7_03,21,8,46,,mammal,3_4.7_03,36.023145,
3_4,12/27/2022,4:51 PM,day,Gray squirrel,Sciurus carolinensis,1,8,25,3,37,,mammal,3_4.8,36.023145,
3_4,12/27/2022,4:51 PM,day,Gray squirrel,Sciurus carolinensis,1,8_02,27,3,37,,mammal,3_4.8_02,36.023145,
3_4,12/28/2022,7:12 AM,dawn,Gray squirrel,Sciurus carolinensis,1,9,29,-6,21,,mammal,3_4.9,36.023145,
3_4,12/28/2022,3:03 PM,day,Gray squirrel,Sciurus carolinensis,1,10,31,9,48,,mammal,3_4.10,36.023145,
3_4,12/28/2022,3:31 PM,day,Gray squirrel,Sciurus carolinensis,1,11,33,9,48,,mammal,3_4.11,36.023145,
3_4,12/28/2022,3:32 PM,day,Gray squirrel,Sciurus carolinensis,1,11_02,35,9,48,,mammal,3_4.11_02,36.023145,
3_4,12/28/2022,4:09 PM,day,Gray squirrel,Sciurus carolinensis,1,12,37,7,44,,mammal,3_4.12,36.023145,
3_4,12/28/2022,4:11 PM,day,Gray squirrel,Sciurus carolinensis,1,12_02,39,7,44,,mammal,3_4.12_02,36.023145,
4_4,12/19/2022,3:46 PM,day,Gray squirrel,Sciurus carolinensis,1,1,1,6,42,,mammal,4_4.1,36.023674,
4_4,12/19/2022,3:47 PM,day,Gray squirrel,Sciurus carolinensis,1,1_02,3,6,42,,mammal,4_4.1_02,36.023674,
4_4,12/19/2022,3:47 PM,day,Gray squirrel,Sciurus carolinensis,1,1_03,5,6,42,,mammal,4_4.1_03,36.023674,
4_4,12/19/2022,3:48 PM,day,Gray squirrel,Sciurus carolinensis,1,1_04,7,7,44,,mammal,4_4.1_04,36.023674,
4_4,12/19/2022,3:48 PM,day,Gray squirrel,Sciurus carolinensis,1,1_05,9,6,42,,mammal,4_4.1_05,36.023674,
4_4,12/19/2022,3:50 PM,day,Gray squirrel,Sciurus carolinensis,1,1_06,11,7,44,,mammal,4_4.1_06,36.023674,
4_4,12/20/2022,8:07 AM,day,Mourning dove,Zenaida macroura,3,2,13,-1,30,,bird,4_4.2,36.023674,
4_4,12/20/2022,8:29 AM,day,Gray squirrel,Sciurus carolinensis,1,3,15,-1,30,,mammal,4_4.3,36.023674,
4_4,12/20/2022,1:07 PM,day,Gray squirrel,Sciurus carolinensis,1,4,19,5,41,,mammal,4_4.4,36.023674,
4_4,12/20/2022,3:12 PM,day,Gray squirrel,Sciurus carolinensis,1,5,21,4,39,,mammal,4_4.5,36.023674,
4_4,12/20/2022,3:13 PM,day,Gray squirrel,Sciurus carolinensis,1,5_02,23,5,41,,mammal,4_4.5_02,36.023674,
4_4,12/21/2022,8:06 AM,day,Gray squirrel,Sciurus carolinensis,1,6,25,-2,28,,mammal,4_4.6,36.023674,
4_4,12/21/2022,1:36 PM,day,Gray squirrel,Sciurus carolinensis,1,7,29,8,46,,mammal,4_4.7,36.023674,
4_4,12/21/2022,1:36 PM,day,Gray squirrel,Sciurus carolinensis,1,7_02,31,8,46,,mammal,4_4.7_02,36.023674,
4_4,12/22/2022,5:15 PM,day,White-tailed deer,Odocoileus virginianus,2,8,33,4,39,,mammal,4_4.8,36.023674,
4_4,12/22/2022,6:14 PM,dusk,White-tailed deer,Odocoileus virginianus,1,9,35,5,41,,mammal,4_4.9,36.023674,
4_4,12/23/2022,3:33 AM,night,Virginia opossum,Didelphis virginiana,1,10,39,6,42,,mammal,4_4.10,36.023674,
4_4,12/23/2022,4:13 PM,day,Gray squirrel,Sciurus carolinensis,1,11,43,-4,24,,mammal,4_4.11,36.023674,
4_4,12/23/2022,4:23 PM,day,Gray squirrel,Sciurus carolinensis,1,12,45,-4,24,,mammal,4_4.12,36.023674,
4_4,12/23/2022,4:23 PM,day,Gray squirrel,Sciurus carolinensis,1,12_02,47,-4,24,,mammal,4_4.12_02,36.023674,
4_4,12/23/2022,6:07 PM,dusk,Mouse,Mus sp.,1,13,49,-6,21,,mammal,4_4.13,36.023674,
4_4,12/24/2022,8:27 AM,day,Gray squirrel,Sciurus carolinensis,1,14,51,-12,10,,mammal,4_4.14,36.023674,
4_4,12/24/2022,2:37 PM,day,Gray squirrel,Sciurus carolinensis,1,15,53,-3,26,,mammal,4_4.15,36.023674,
4_4,12/24/2022,2:53 PM,day,Gray squirrel,Sciurus carolinensis,2,16,55,-3,26,,mammal,4_4.16,36.023674,
4_4,12/24/2022,4:43 PM,day,Gray squirrel,Sciurus carolinensis,1,17,57,-4,24,,mammal,4_4.17,36.023674,
4_4,12/24/2022,4:43 PM,day,Gray squirrel,Sciurus carolinensis,1,17_02,59,-4,24,,mammal,4_4.17_02,36.023674,
4_4,12/25/2022,2:20 PM,day,Gray squirrel,Sciurus carolinensis,1,18,61,2,35,,mammal,4_4.18,36.023674,
4_4,12/26/2022,7:05 AM,dawn,Gray squirrel,Sciurus carolinensis,1,19,67,-8,17,,mammal,4_4.19,36.023674,
4_4,12/26/2022,5:29 PM,day,Gray squirrel,Sciurus carolinensis,1,20,69,0,32,,mammal,4_4.20,36.023674,
4_4,12/27/2022,7:06 AM,dawn,Gray squirrel,Sciurus carolinensis,1,21,71,-3,26,,mammal,4_4.21,36.023674,
4_4,12/27/2022,8:01 AM,day,Gray squirrel,Sciurus carolinensis,1,22,75,-3,26,,mammal,4_4.22,36.023674,
4_4,12/27/2022,8:18 AM,day,Gray squirrel,Sciurus carolinensis,1,23,77,-3,26,,mammal,4_4.23,36.023674,
4_4,12/27/2022,9:03 AM,day,Gray squirrel,Sciurus carolinensis,1,24,79,-2,28,,mammal,4_4.24,36.023674,
4_4,12/28/2022,6:53 AM,dawn,Gray squirrel,Sciurus carolinensis,1,25,81,-4,24,,mammal,4_4.25,36.023674,
4_4,12/28/2022,7:23 AM,dawn,Gray squirrel,Sciurus carolinensis,1,26,83,-4,24,,mammal,4_4.26,36.023674,
4_4,12/28/2022,7:24 AM,dawn,Gray squirrel,Sciurus carolinensis,1,26_02,85,-4,24,,mammal,4_4.26_02,36.023674,
4_4,12/28/2022,7:24 AM,dawn,Gray squirrel,Sciurus carolinensis,1,26_03,87,-4,24,,mammal,4_4.26_03,36.023674,
4_4,12/28/2022,8:47 AM,day,Gray squirrel,Sciurus carolinensis,1,27,89,-4,24,,mammal,4_4.27,36.023674,
4_4,12/28/2022,11:00 AM,day,Gray squirrel,Sciurus carolinensis,1,28,91,7,44,,mammal,4_4.28,36.023674,
4_4,12/28/2022,11:36 AM,day,Gray squirrel,Sciurus carolinensis,1,29,93,7,44,,mammal,4_4.29,36.023674,
4_4,12/28/2022,11:37 AM,day,Gray squirrel,Sciurus carolinensis,1,29_02,99,8,46,,mammal,4_4.29_02,36.023674,
4_4,12/28/2022,2:34 PM,day,Gray squirrel,Sciurus carolinensis,1,30,101,11,51,,mammal,4_4.30,36.023674,
4_4,12/28/2022,2:36 PM,day,Gray squirrel,Sciurus carolinensis,1,30_02,103,11,51,,mammal,4_4.30_02,36.023674,
4_4,12/28/2022,2:36 PM,day,Gray squirrel,Sciurus carolinensis,1,30_03,105,11,51,,mammal,4_4.30_03,36.023674,
4_4,12/28/2022,3:53 PM,day,Gray squirrel,Sciurus carolinensis,1,31,107,9,48,,mammal,4_4.31,36.023674,
4_4,12/28/2022,5:07 PM,day,Gray squirrel,Sciurus carolinensis,1,32,109,6,42,,mammal,4_4.32,36.023674,
4_4,12/28/2022,5:35 PM,day,Gray squirrel,Sciurus carolinensis,1,33,111,5,41,,mammal,4_4.33,36.023674,
4_4,12/29/2022,3:06 AM,night,Common Racoon,Procyon lotor,1,34,113,-1,30,,mammal,4_4.34,36.023674,
4_4,12/29/2022,3:06 AM,night,Common Racoon,Procyon lotor,1,34_02,115,-1,30,,mammal,4_4.34_02,36.023674,
6_4,12/21/2022,10:41 AM,day,White-tailed deer,Odocoileus virginianus,1,1,3,3,37,,mammal,6_4.1,36.024521,
6_4,12/21/2022,10:42 AM,day,White-tailed deer,Odocoileus virginianus,1,1_02,5,3,37,,mammal,6_4.1_02,36.024521,
6_4,12/21/2022,8:01 PM,night,White-tailed deer,Odocoileus virginianus,1,2,7,4,39,,mammal,6_4.2,36.024521,
6_4,12/21/2022,8:01 PM,night,White-tailed deer,Odocoileus virginianus,1,2_02,9,4,39,,mammal,6_4.2_02,36.024521,
6_4,12/21/2022,8:03 PM,night,White-tailed deer,Odocoileus virginianus,1,2_03,11,5,41,,mammal,6_4.2_03,36.024521,
6_4,12/21/2022,8:03 PM,night,White-tailed deer,Odocoileus virginianus,1,2_04,13,5,41,,mammal,6_4.2_04,36.024521,
6_4,12/21/2022,8:04 PM,night,White-tailed deer,Odocoileus virginianus,1,2_05,15,5,41,,mammal,6_4.2_05,36.024521,
6_4,12/21/2022,8:04 PM,night,White-tailed deer,Odocoileus virginianus,1,2_06,17,5,41,,mammal,6_4.2_06,36.024521,
6_4,12/21/2022,8:04 PM,night,White-tailed deer,Odocoileus virginianus,1,2_07,19,5,41,,mammal,6_4.2_07,36.024521,
6_4,12/23/2022,4:21 PM,day,White-tailed deer,Odocoileus virginianus,1,3,27,-5,23,,mammal,6_4.3,36.024521,
6_4,12/23/2022,4:21 PM,day,White-tailed deer,Odocoileus virginianus,1,3_02,29,-5,23,,mammal,6_4.3_02,36.024521,
6_4,12/23/2022,4:23 PM,day,White-tailed deer,Odocoileus virginianus,1,4,31,-5,23,,mammal,6_4.4,36.024521,
6_4,12/23/2022,4:24 PM,day,White-tailed deer,Odocoileus virginianus,2,4_02,33,-4,24,,mammal,6_4.4_02,36.024521,
6_4,12/23/2022,4:55 PM,day,White-tailed deer,Odocoileus virginianus,1,5,35,-6,21,,mammal,6_4.5,36.024521,
6_4,12/24/2022,8:27 AM,day,White-tailed deer,Odocoileus virginianus,1,6,37,-13,8,,mammal,6_4.6,36.024521,
6_4,12/24/2022,8:27 AM,day,White-tailed deer,Odocoileus virginianus,1,6_02,39,-13,8,,mammal,6_4.6_02,36.024521,
6_4,12/24/2022,9:29 AM,day,White-tailed deer,Odocoileus virginianus,2,7,41,-11,12,,mammal,6_4.7,36.024521,
6_4,12/24/2022,12:48 PM,day,White-tailed deer,Odocoileus virginianus,1,8,43,-5,23,,mammal,6_4.8,36.024521,
6_4,12/24/2022,12:48 PM,day,White-tailed deer,Odocoileus virginianus,1,8_02,45,-5,23,,mammal,6_4.8_02,36.024521,
6_4,12/24/2022,12:48 PM,day,White-tailed deer,Odocoileus virginianus,1,8_03,47,-4,24,,mammal,6_4.8_03,36.024521,
6_4,12/24/2022,12:50 PM,day,White-tailed deer,Odocoileus virginianus,2,8_04,49,-4,24,,mammal,6_4.8_04,36.024521,
6_4,12/24/2022,12:50 PM,day,White-tailed deer,Odocoileus virginianus,1,8_05,51,-4,24,,mammal,6_4.8_05,36.024521,
6_4,12/27/2022,7:37 AM,dawn,White-tailed deer,Odocoileus virginianus,1,9,53,-5,23,,mammal,6_4.9,36.024521,
6_4,12/27/2022,7:42 AM,dawn,White-tailed deer,Odocoileus virginianus,1,10,55,-4,24,,mammal,6_4.10,36.024521,
6_4,12/27/2022,7:42 AM,dawn,White-tailed deer,Odocoileus virginianus,2,10_02,57,-4,24,,mammal,6_4.10_02,36.024521,
6_4,12/27/2022,7:42 AM,dawn,White-tailed deer,Odocoileus virginianus,2,10_03,59,-4,24,,mammal,6_4.10_03,36.024521,
6_4,12/27/2022,7:43 AM,dawn,White-tailed deer,Odocoileus virginianus,2,10_04,61,-4,24,,mammal,6_4.10_04,36.024521,
6_4,12/27/2022,7:43 AM,dawn,White-tailed deer,Odocoileus virginianus,2,10_05,63,-4,24,,mammal,6_4.10_05,36.024521,
6_4,12/27/2022,7:47 AM,dawn,White-tailed deer,Odocoileus virginianus,3,10_06,65,-4,24,,mammal,6_4.10_06,36.024521,
6_4,12/27/2022,7:47 AM,dawn,White-tailed deer,Odocoileus virginianus,3,10_07,67,-4,24,,mammal,6_4.10_07,36.024521,
6_4,12/27/2022,7:48 AM,dawn,White-tailed deer,Odocoileus virginianus,2,10_08,69,-4,24,,mammal,6_4.10_08,36.024521,
6_4,12/27/2022,7:48 AM,dawn,White-tailed deer,Odocoileus virginianus,2,10_09,71,-3,26,,mammal,6_4.10_09,36.024521,
6_4,12/27/2022,7:50 AM,dawn,White-tailed deer,Odocoileus virginianus,2,10_10,73,-3,26,,mammal,6_4.10_10,36.024521,
6_4,12/27/2022,7:50 AM,dawn,White-tailed deer,Odocoileus virginianus,2,10_11,75,-3,26,,mammal,6_4.10_11,36.024521,
6_4,12/27/2022,7:51 AM,dawn,White-tailed deer,Odocoileus virginianus,1,10_12,77,-3,26,,mammal,6_4.10_12,36.024521,
6_4,12/27/2022,7:52 AM,dawn,White-tailed deer,Odocoileus virginianus,1,10_13,79,-3,26,,mammal,6_4.10_13,36.024521,
6_4,12/27/2022,7:53 AM,dawn,White-tailed deer,Odocoileus virginianus,1,10_14,81,-3,26,,mammal,6_4.10_14,36.024521,
6_4,12/27/2022,7:53 AM,dawn,White-tailed deer,Odocoileus virginianus,1,10_15,83,-3,26,,mammal,6_4.10_15,36.024521,
6_4,12/27/2022,7:53 AM,dawn,White-tailed deer,Odocoileus virginianus,1,10_16,85,-3,26,,mammal,6_4.10_16,36.024521,
6_4,12/27/2022,7:54 AM,dawn,White-tailed deer,Odocoileus virginianus,1,10_17,87,-3,26,,mammal,6_4.10_17,36.024521,
6_4,12/27/2022,7:54 AM,dawn,White-tailed deer,Odocoileus virginianus,1,10_18,89,-3,26,,mammal,6_4.10_18,36.024521,
6_4,12/27/2022,7:54 AM,dawn,White-tailed deer,Odocoileus virginianus,1,10_19,91,-3,26,,mammal,6_4.10_19,36.024521,
6_4,12/27/2022,7:54 AM,dawn,White-tailed deer,Odocoileus virginianus,1,10_20,93,-3,26,,mammal,6_4.10_20,36.024521,
6_4,12/27/2022,7:56 AM,dawn,White-tailed deer,Odocoileus virginianus,1,10_21,95,-3,26,,mammal,6_4.10_21,36.024521,
8_4,12/19/2022,5:21 PM,day,White-tailed deer,Odocoileus virginianus,1,1,5,4,39,,mammal,8_4.1,36.024684,
8_4,12/19/2022,5:21 PM,day,White-tailed deer,Odocoileus virginianus,1,1_02,7,4,39,,mammal,8_4.1_02,36.024684,
8_4,12/19/2022,5:21 PM,day,White-tailed deer,Odocoileus virginianus,1,1_03,9,4,39,,mammal,8_4.1_03,36.024684,
8_4,12/20/2022,12:10 AM,night,White-tailed deer,Odocoileus virginianus,1,2,11,0,32,,mammal,8_4.2,36.024684,
8_4,12/20/2022,12:10 AM,night,White-tailed deer,Odocoileus virginianus,1,2_02,13,0,32,,mammal,8_4.2_02,36.024684,
8_4,12/20/2022,12:11 AM,night,White-tailed deer,Odocoileus virginianus,1,2_03,15,0,32,,mammal,8_4.2_03,36.024684,
8_4,12/20/2022,12:25 AM,night,White-tailed deer,Odocoileus virginianus,1,3,17,0,32,,mammal,8_4.3,36.024684,
8_4,12/20/2022,12:26 AM,night,White-tailed deer,Odocoileus virginianus,1,3_02,19,1,33,,mammal,8_4.3_02,36.024684,
8_4,12/28/2022,12:49 AM,night,White-tailed deer,Odocoileus virginianus,1,4,21,-4,24,,mammal,8_4.4,36.024684,
8_4,12/28/2022,12:49 AM,night,White-tailed deer,Odocoileus virginianus,1,4_02,23,-4,24,,mammal,8_4.4_02,36.024684,
8_4,12/28/2022,12:49 AM,night,White-tailed deer,Odocoileus virginianus,2,4_03,25,-4,24,,mammal,8_4.4_03,36.024684,
8_4,12/28/2022,12:48 AM,night,White-tailed deer,Odocoileus virginianus,2,4_04,27,-3,26,,mammal,8_4.4_04,36.024684,
8_4,12/28/2022,12:50 AM,night,White-tailed deer,Odocoileus virginianus,2,4_05,29,-3,26,,mammal,8_4.4_05,36.024684,
8_4,12/28/2022,12:51 AM,night,White-tailed deer,Odocoileus virginianus,1,4_06,31,-3,26,,mammal,8_4.4_06,36.024684,
8_4,12/28/2022,12:52 AM,night,White-tailed deer,Odocoileus virginianus,3,4_07,33,-3,26,,mammal,8_4.4_07,36.024684,
8_4,12/28/2022,12:52 AM,night,White-tailed deer,Odocoileus virginianus,2,4_08,35,-3,26,,mammal,8_4.4_08,36.024684,
8_4,12/28/2022,12:54 AM,night,White-tailed deer,Odocoileus virginianus,1,4_09,37,-3,26,,mammal,8_4.4_09,36.024684,
8_4,12/28/2022,12:54 AM,night,White-tailed deer,Odocoileus virginianus,1,4_10,39,-3,26,,mammal,8_4.4_10,36.024684,
8_4,12/28/2022,12:56 AM,night,White-tailed deer,Odocoileus virginianus,2,4_11,41,-3,26,,mammal,8_4.4_11,36.024684,
8_4,12/28/2022,12:56 AM,night,White-tailed deer,Odocoileus virginianus,2,4_12,43,-3,26,,mammal,8_4.4_12,36.024684,
8_4,12/28/2022,4:04 PM,day,White-tailed deer,Odocoileus virginianus,2,5,47,10,50,,mammal,8_4.5,36.024684,
8_4,12/28/2022,4:05 PM,day,White-tailed deer,Odocoileus virginianus,2,5_02,49,10,50,,mammal,8_4.5_02,36.024684,
8_4,12/28/2022,4:05 PM,day,White-tailed deer,Odocoileus virginianus,2,5_03,51,11,51,,mammal,8_4.5_03,36.024684,
8_4,12/28/2022,4:05 PM,day,White-tailed deer,Odocoileus virginianus,2,5_04,53,11,51,,mammal,8_4.5_04,36.024684,
8_4,12/28/2022,4:06 PM,day,White-tailed deer,Odocoileus virginianus,2,5_05,55,11,51,,mammal,8_4.5_05,36.024684,
8_4,12/28/2022,4:06 PM,day,White-tailed deer,Odocoileus virginianus,1,5_06,57,11,51,,mammal,8_4.5_06,36.024684,
9_4,12/20/2022,4:46 AM,night,White-tailed deer,Odocoileus virginianus,1,1,1,NA,NA,,mammal,9_4.1,36.024526,
9_4,12/20/2022,4:46 AM,night,White-tailed deer,Odocoileus virginianus,1,1_02,2,NA,NA,,mammal,9_4.1_02,36.024526,
7_4,12/27/2022,3:14 PM,day,White-tailed deer,Odocoileus virginianus,1,1,3,7,44,,mammal,7_4.1,36.02513,
7_4,12/27/2022,3:57 PM,day,White-tailed deer,Odocoileus virginianus,3,2,5,7,44,,mammal,7_4.2,36.02513,
7_4,12/27/2022,3:57 PM,day,White-tailed deer,Odocoileus virginianus,3,2_03,7,7,44,,mammal,7_4.2_03,36.02513,
